[
    {
        "channelNameKey": "Global",
        "timestampKey": 1591840800000,
        "startTime": 1591840800000,
        "endTime": 1591842600000,
        "type": "sports",
        "rate": 0,
        "ttl": 1591842600000,
        "items": [
            {
                "channelName": "Global",
                "timestampKey": 1591840800000,
                "showName": "West Germany VS Ussr 1972 EURO 2016 FINAL",
                "showImage": "N/a",
                "type": "sports",
                "rate": 0,
                "channelLogo": "https://bein.net/mena/wp-content/uploads/sites/3/2015/06/Global.png",
                "channel": "Global",
                "ttl": 1591842600000,
                "description": "-",
                "startTime": 1591840800000,
                "endTime": 1591842600000,
                "frequency": "-",
                "duration": 1800000
            },
            {
                "channelName": "Global",
                "timestampKey": 1591842600000,
                "showName": "Czechoslovakia VS Germany 1976 EURO 2016 FINAL",
                "showImage": "N/a",
                "type": "sports",
                "rate": 0,
                "channelLogo": "https://bein.net/mena/wp-content/uploads/sites/3/2015/06/Global.png",
                "channel": "Global",
                "ttl": 1591844400000,
                "description": "-",
                "startTime": 1591842600000,
                "endTime": 1591844400000,
                "frequency": "-",
                "duration": 1800000
            }
        ],
        "channelLogo": "https://bein.net/mena/wp-content/uploads/sites/3/2015/06/Global.png",
        "channel": "Global",
        "type2": "sports"
    },
    {
        "channelNameKey": "Global",
        "timestampKey": 1591842600000,
        "startTime": 1591842600000,
        "endTime": 1591844400000,
        "type": "sports",
        "rate": 0,
        "ttl": 1591844400000,
        "items": [
            {
                "channelName": "Global",
                "timestampKey": 1591842600000,
                "showName": "Czechoslovakia VS Germany 1976 EURO 2016 FINAL",
                "showImage": "N/a",
                "type": "sports",
                "rate": 0,
                "channelLogo": "https://bein.net/mena/wp-content/uploads/sites/3/2015/06/Global.png",
                "channel": "Global",
                "ttl": 1591844400000,
                "description": "-",
                "startTime": 1591842600000,
                "endTime": 1591844400000,
                "frequency": "-",
                "duration": 1800000
            },
            {
                "channelName": "Global",
                "timestampKey": 1591844400000,
                "showName": "Belgium VS  Germany 1980 EURO 2016 FINAL",
                "showImage": "N/a",
                "type": "sports",
                "rate": 0,
                "channelLogo": "https://bein.net/mena/wp-content/uploads/sites/3/2015/06/Global.png",
                "channel": "Global",
                "ttl": 1591846200000,
                "description": "-",
                "startTime": 1591844400000,
                "endTime": 1591846200000,
                "frequency": "-",
                "duration": 1800000
            }
        ],
        "channelLogo": "https://bein.net/mena/wp-content/uploads/sites/3/2015/06/Global.png",
        "channel": "Global",
        "type2": "sports"
    },
    {
        "channelNameKey": "Global",
        "timestampKey": 1591844400000,
        "startTime": 1591844400000,
        "endTime": 1591846200000,
        "type": "sports",
        "rate": 0,
        "ttl": 1591846200000,
        "items": [
            {
                "channelName": "Global",
                "timestampKey": 1591844400000,
                "showName": "Belgium VS  Germany 1980 EURO 2016 FINAL",
                "showImage": "N/a",
                "type": "sports",
                "rate": 0,
                "channelLogo": "https://bein.net/mena/wp-content/uploads/sites/3/2015/06/Global.png",
                "channel": "Global",
                "ttl": 1591846200000,
                "description": "-",
                "startTime": 1591844400000,
                "endTime": 1591846200000,
                "frequency": "-",
                "duration": 1800000
            },
            {
                "channelName": "Global",
                "timestampKey": 1591846200000,
                "showName": "France vs Spain 1984 EURO 2016 FINAL",
                "showImage": "N/a",
                "type": "sports",
                "rate": 0,
                "channelLogo": "https://bein.net/mena/wp-content/uploads/sites/3/2015/06/Global.png",
                "channel": "Global",
                "ttl": 1591848000000,
                "description": "-",
                "startTime": 1591846200000,
                "endTime": 1591848000000,
                "frequency": "-",
                "duration": 1800000
            }
        ],
        "channelLogo": "https://bein.net/mena/wp-content/uploads/sites/3/2015/06/Global.png",
        "channel": "Global",
        "type2": "sports"
    },
    {
        "channelNameKey": "Global",
        "timestampKey": 1591846200000,
        "startTime": 1591846200000,
        "endTime": 1591848000000,
        "type": "sports",
        "rate": 0,
        "ttl": 1591848000000,
        "items": [
            {
                "channelName": "Global",
                "timestampKey": 1591846200000,
                "showName": "France vs Spain 1984 EURO 2016 FINAL",
                "showImage": "N/a",
                "type": "sports",
                "rate": 0,
                "channelLogo": "https://bein.net/mena/wp-content/uploads/sites/3/2015/06/Global.png",
                "channel": "Global",
                "ttl": 1591848000000,
                "description": "-",
                "startTime": 1591846200000,
                "endTime": 1591848000000,
                "frequency": "-",
                "duration": 1800000
            },
            {
                "channelName": "Global",
                "timestampKey": 1591848000000,
                "showName": "Netherlands vs Soviet Union-1988 EURO Final",
                "showImage": "N/a",
                "type": "sports",
                "rate": 0,
                "channelLogo": "https://bein.net/mena/wp-content/uploads/sites/3/2015/06/Global.png",
                "channel": "Global",
                "ttl": 1591849800000,
                "description": "-",
                "startTime": 1591848000000,
                "endTime": 1591849800000,
                "frequency": "-",
                "duration": 1800000
            }
        ],
        "channelLogo": "https://bein.net/mena/wp-content/uploads/sites/3/2015/06/Global.png",
        "channel": "Global",
        "type2": "sports"
    },
    {
        "channelNameKey": "Global",
        "timestampKey": 1591848000000,
        "startTime": 1591848000000,
        "endTime": 1591849800000,
        "type": "sports",
        "rate": 0,
        "ttl": 1591849800000,
        "items": [
            {
                "channelName": "Global",
                "timestampKey": 1591848000000,
                "showName": "Netherlands vs Soviet Union-1988 EURO Final",
                "showImage": "N/a",
                "type": "sports",
                "rate": 0,
                "channelLogo": "https://bein.net/mena/wp-content/uploads/sites/3/2015/06/Global.png",
                "channel": "Global",
                "ttl": 1591849800000,
                "description": "-",
                "startTime": 1591848000000,
                "endTime": 1591849800000,
                "frequency": "-",
                "duration": 1800000
            },
            {
                "channelName": "Global",
                "timestampKey": 1591849800000,
                "showName": "Denmark  VS  Germany 1992 EURO  FINAL",
                "showImage": "N/a",
                "type": "sports",
                "rate": 0,
                "channelLogo": "https://bein.net/mena/wp-content/uploads/sites/3/2015/06/Global.png",
                "channel": "Global",
                "ttl": 1591851600000,
                "description": "-",
                "startTime": 1591849800000,
                "endTime": 1591851600000,
                "frequency": "-",
                "duration": 1800000
            }
        ],
        "channelLogo": "https://bein.net/mena/wp-content/uploads/sites/3/2015/06/Global.png",
        "channel": "Global",
        "type2": "sports"
    },
    {
        "channelNameKey": "Global",
        "timestampKey": 1591849800000,
        "startTime": 1591849800000,
        "endTime": 1591851600000,
        "type": "sports",
        "rate": 0,
        "ttl": 1591851600000,
        "items": [
            {
                "channelName": "Global",
                "timestampKey": 1591849800000,
                "showName": "Denmark  VS  Germany 1992 EURO  FINAL",
                "showImage": "N/a",
                "type": "sports",
                "rate": 0,
                "channelLogo": "https://bein.net/mena/wp-content/uploads/sites/3/2015/06/Global.png",
                "channel": "Global",
                "ttl": 1591851600000,
                "description": "-",
                "startTime": 1591849800000,
                "endTime": 1591851600000,
                "frequency": "-",
                "duration": 1800000
            },
            {
                "channelName": "Global",
                "timestampKey": 1591851600000,
                "showName": "Czech Republic VS Germany 1996 EURO FINAL",
                "showImage": "N/a",
                "type": "sports",
                "rate": 0,
                "channelLogo": "https://bein.net/mena/wp-content/uploads/sites/3/2015/06/Global.png",
                "channel": "Global",
                "ttl": 1591853400000,
                "description": "-",
                "startTime": 1591851600000,
                "endTime": 1591853400000,
                "frequency": "-",
                "duration": 1800000
            }
        ],
        "channelLogo": "https://bein.net/mena/wp-content/uploads/sites/3/2015/06/Global.png",
        "channel": "Global",
        "type2": "sports"
    },
    {
        "channelNameKey": "Global",
        "timestampKey": 1591851600000,
        "startTime": 1591851600000,
        "endTime": 1591853400000,
        "type": "sports",
        "rate": 0,
        "ttl": 1591853400000,
        "items": [
            {
                "channelName": "Global",
                "timestampKey": 1591851600000,
                "showName": "Czech Republic VS Germany 1996 EURO FINAL",
                "showImage": "N/a",
                "type": "sports",
                "rate": 0,
                "channelLogo": "https://bein.net/mena/wp-content/uploads/sites/3/2015/06/Global.png",
                "channel": "Global",
                "ttl": 1591853400000,
                "description": "-",
                "startTime": 1591851600000,
                "endTime": 1591853400000,
                "frequency": "-",
                "duration": 1800000
            },
            {
                "channelName": "Global",
                "timestampKey": 1591853400000,
                "showName": "France VS Italy 2000 EURO FINAL",
                "showImage": "N/a",
                "type": "sports",
                "rate": 0,
                "channelLogo": "https://bein.net/mena/wp-content/uploads/sites/3/2015/06/Global.png",
                "channel": "Global",
                "ttl": 1591855200000,
                "description": "-",
                "startTime": 1591853400000,
                "endTime": 1591855200000,
                "frequency": "-",
                "duration": 1800000
            }
        ],
        "channelLogo": "https://bein.net/mena/wp-content/uploads/sites/3/2015/06/Global.png",
        "channel": "Global",
        "type2": "sports"
    },
    {
        "channelNameKey": "Global",
        "timestampKey": 1591853400000,
        "startTime": 1591853400000,
        "endTime": 1591855200000,
        "type": "sports",
        "rate": 0,
        "ttl": 1591855200000,
        "items": [
            {
                "channelName": "Global",
                "timestampKey": 1591853400000,
                "showName": "France VS Italy 2000 EURO FINAL",
                "showImage": "N/a",
                "type": "sports",
                "rate": 0,
                "channelLogo": "https://bein.net/mena/wp-content/uploads/sites/3/2015/06/Global.png",
                "channel": "Global",
                "ttl": 1591855200000,
                "description": "-",
                "startTime": 1591853400000,
                "endTime": 1591855200000,
                "frequency": "-",
                "duration": 1800000
            },
            {
                "channelName": "Global",
                "timestampKey": 1591855200000,
                "showName": "Greece vs Portugal 2004 EURO FINAL",
                "showImage": "N/a",
                "type": "sports",
                "rate": 0,
                "channelLogo": "https://bein.net/mena/wp-content/uploads/sites/3/2015/06/Global.png",
                "channel": "Global",
                "ttl": 1591857000000,
                "description": "-",
                "startTime": 1591855200000,
                "endTime": 1591857000000,
                "frequency": "-",
                "duration": 1800000
            }
        ],
        "channelLogo": "https://bein.net/mena/wp-content/uploads/sites/3/2015/06/Global.png",
        "channel": "Global",
        "type2": "sports"
    },
    {
        "channelNameKey": "Global",
        "timestampKey": 1591855200000,
        "startTime": 1591855200000,
        "endTime": 1591857000000,
        "type": "sports",
        "rate": 0,
        "ttl": 1591857000000,
        "items": [
            {
                "channelName": "Global",
                "timestampKey": 1591855200000,
                "showName": "Greece vs Portugal 2004 EURO FINAL",
                "showImage": "N/a",
                "type": "sports",
                "rate": 0,
                "channelLogo": "https://bein.net/mena/wp-content/uploads/sites/3/2015/06/Global.png",
                "channel": "Global",
                "ttl": 1591857000000,
                "description": "-",
                "startTime": 1591855200000,
                "endTime": 1591857000000,
                "frequency": "-",
                "duration": 1800000
            },
            {
                "channelName": "Global",
                "timestampKey": 1591857000000,
                "showName": "Spain vs Germany 2008 EURO FINAL",
                "showImage": "N/a",
                "type": "sports",
                "rate": 0,
                "channelLogo": "https://bein.net/mena/wp-content/uploads/sites/3/2015/06/Global.png",
                "channel": "Global",
                "ttl": 1591858800000,
                "description": "-",
                "startTime": 1591857000000,
                "endTime": 1591858800000,
                "frequency": "-",
                "duration": 1800000
            }
        ],
        "channelLogo": "https://bein.net/mena/wp-content/uploads/sites/3/2015/06/Global.png",
        "channel": "Global",
        "type2": "sports"
    },
    {
        "channelNameKey": "Global",
        "timestampKey": 1591857000000,
        "startTime": 1591857000000,
        "endTime": 1591858800000,
        "type": "sports",
        "rate": 0,
        "ttl": 1591858800000,
        "items": [
            {
                "channelName": "Global",
                "timestampKey": 1591857000000,
                "showName": "Spain vs Germany 2008 EURO FINAL",
                "showImage": "N/a",
                "type": "sports",
                "rate": 0,
                "channelLogo": "https://bein.net/mena/wp-content/uploads/sites/3/2015/06/Global.png",
                "channel": "Global",
                "ttl": 1591858800000,
                "description": "-",
                "startTime": 1591857000000,
                "endTime": 1591858800000,
                "frequency": "-",
                "duration": 1800000
            },
            {
                "channelName": "Global",
                "timestampKey": 1591858800000,
                "showName": "Spain vs Italy 2012 EURO FINAL",
                "showImage": "N/a",
                "type": "sports",
                "rate": 0,
                "channelLogo": "https://bein.net/mena/wp-content/uploads/sites/3/2015/06/Global.png",
                "channel": "Global",
                "ttl": 1591860600000,
                "description": "-",
                "startTime": 1591858800000,
                "endTime": 1591860600000,
                "frequency": "-",
                "duration": 1800000
            }
        ],
        "channelLogo": "https://bein.net/mena/wp-content/uploads/sites/3/2015/06/Global.png",
        "channel": "Global",
        "type2": "sports"
    },
    {
        "channelNameKey": "Global",
        "timestampKey": 1591858800000,
        "startTime": 1591858800000,
        "endTime": 1591860600000,
        "type": "sports",
        "rate": 0,
        "ttl": 1591860600000,
        "items": [
            {
                "channelName": "Global",
                "timestampKey": 1591858800000,
                "showName": "Spain vs Italy 2012 EURO FINAL",
                "showImage": "N/a",
                "type": "sports",
                "rate": 0,
                "channelLogo": "https://bein.net/mena/wp-content/uploads/sites/3/2015/06/Global.png",
                "channel": "Global",
                "ttl": 1591860600000,
                "description": "-",
                "startTime": 1591858800000,
                "endTime": 1591860600000,
                "frequency": "-",
                "duration": 1800000
            },
            {
                "channelName": "Global",
                "timestampKey": 1591860600000,
                "showName": "Portugal vs France - EURO 2016 MINI MATCH",
                "showImage": "N/a",
                "type": "sports",
                "rate": 0,
                "channelLogo": "https://bein.net/mena/wp-content/uploads/sites/3/2015/06/Global.png",
                "channel": "Global",
                "ttl": 1591776000000,
                "description": "-",
                "startTime": 1591860600000,
                "endTime": 1591776000000,
                "frequency": "-",
                "duration": -84600000
            }
        ],
        "channelLogo": "https://bein.net/mena/wp-content/uploads/sites/3/2015/06/Global.png",
        "channel": "Global",
        "type2": "sports"
    },
    {
        "channelNameKey": "Global",
        "timestampKey": 1591860600000,
        "startTime": 1591860600000,
        "endTime": 1591776000000,
        "type": "sports",
        "rate": 0,
        "ttl": 1591776000000,
        "items": [
            {
                "channelName": "Global",
                "timestampKey": 1591860600000,
                "showName": "Portugal vs France - EURO 2016 MINI MATCH",
                "showImage": "N/a",
                "type": "sports",
                "rate": 0,
                "channelLogo": "https://bein.net/mena/wp-content/uploads/sites/3/2015/06/Global.png",
                "channel": "Global",
                "ttl": 1591776000000,
                "description": "-",
                "startTime": 1591860600000,
                "endTime": 1591776000000,
                "frequency": "-",
                "duration": -84600000
            }
        ],
        "channelLogo": "https://bein.net/mena/wp-content/uploads/sites/3/2015/06/Global.png",
        "channel": "Global",
        "type2": "sports"
    },
    {
        "channelNameKey": "News_ar",
        "timestampKey": 1591840800000,
        "startTime": 1591840800000,
        "endTime": 1591844040000,
        "type": "sports",
        "rate": 0,
        "ttl": 1591844040000,
        "items": [
            {
                "channelName": "News_ar",
                "timestampKey": 1591840800000,
                "showName": "Sports News (Hasad) - 2020",
                "showImage": "N/a",
                "type": "sports",
                "rate": 0,
                "channelLogo": "https://bein.net/mena/wp-content/uploads/sites/3/2015/06/News_ar.png",
                "channel": "News_ar",
                "ttl": 1591844040000,
                "description": "-",
                "startTime": 1591840800000,
                "endTime": 1591844040000,
                "frequency": "-",
                "duration": 3240000
            },
            {
                "channelName": "News_ar",
                "timestampKey": 1591844040000,
                "showName": "Magazine Report  - 11/06/20",
                "showImage": "N/a",
                "type": "sports",
                "rate": 0,
                "channelLogo": "https://bein.net/mena/wp-content/uploads/sites/3/2015/06/News_ar.png",
                "channel": "News_ar",
                "ttl": 1591844400000,
                "description": "-",
                "startTime": 1591844040000,
                "endTime": 1591844400000,
                "frequency": "-",
                "duration": 360000
            }
        ],
        "channelLogo": "https://bein.net/mena/wp-content/uploads/sites/3/2015/06/News_ar.png",
        "channel": "News_ar",
        "type2": "sports"
    },
    {
        "channelNameKey": "News_ar",
        "timestampKey": 1591844040000,
        "startTime": 1591844040000,
        "endTime": 1591844400000,
        "type": "sports",
        "rate": 0,
        "ttl": 1591844400000,
        "items": [
            {
                "channelName": "News_ar",
                "timestampKey": 1591844040000,
                "showName": "Magazine Report  - 11/06/20",
                "showImage": "N/a",
                "type": "sports",
                "rate": 0,
                "channelLogo": "https://bein.net/mena/wp-content/uploads/sites/3/2015/06/News_ar.png",
                "channel": "News_ar",
                "ttl": 1591844400000,
                "description": "-",
                "startTime": 1591844040000,
                "endTime": 1591844400000,
                "frequency": "-",
                "duration": 360000
            },
            {
                "channelName": "News_ar",
                "timestampKey": 1591844400000,
                "showName": "Briefs @02:00 2020",
                "showImage": "N/a",
                "type": "sports",
                "rate": 0,
                "channelLogo": "https://bein.net/mena/wp-content/uploads/sites/3/2015/06/News_ar.png",
                "channel": "News_ar",
                "ttl": 1591845180000,
                "description": "-",
                "startTime": 1591844400000,
                "endTime": 1591845180000,
                "frequency": "-",
                "duration": 780000
            }
        ],
        "channelLogo": "https://bein.net/mena/wp-content/uploads/sites/3/2015/06/News_ar.png",
        "channel": "News_ar",
        "type2": "sports"
    },
    {
        "channelNameKey": "News_ar",
        "timestampKey": 1591844400000,
        "startTime": 1591844400000,
        "endTime": 1591845180000,
        "type": "sports",
        "rate": 0,
        "ttl": 1591845180000,
        "items": [
            {
                "channelName": "News_ar",
                "timestampKey": 1591844400000,
                "showName": "Briefs @02:00 2020",
                "showImage": "N/a",
                "type": "sports",
                "rate": 0,
                "channelLogo": "https://bein.net/mena/wp-content/uploads/sites/3/2015/06/News_ar.png",
                "channel": "News_ar",
                "ttl": 1591845180000,
                "description": "-",
                "startTime": 1591844400000,
                "endTime": 1591845180000,
                "frequency": "-",
                "duration": 780000
            },
            {
                "channelName": "News_ar",
                "timestampKey": 1591845180000,
                "showName": "News Stars - 11 June 2020",
                "showImage": "N/a",
                "type": "sports",
                "rate": 0,
                "channelLogo": "https://bein.net/mena/wp-content/uploads/sites/3/2015/06/News_ar.png",
                "channel": "News_ar",
                "ttl": 1591845300000,
                "description": "-",
                "startTime": 1591845180000,
                "endTime": 1591845300000,
                "frequency": "-",
                "duration": 120000
            }
        ],
        "channelLogo": "https://bein.net/mena/wp-content/uploads/sites/3/2015/06/News_ar.png",
        "channel": "News_ar",
        "type2": "sports"
    },
    {
        "channelNameKey": "News_ar",
        "timestampKey": 1591845180000,
        "startTime": 1591845180000,
        "endTime": 1591845300000,
        "type": "sports",
        "rate": 0,
        "ttl": 1591845300000,
        "items": [
            {
                "channelName": "News_ar",
                "timestampKey": 1591845180000,
                "showName": "News Stars - 11 June 2020",
                "showImage": "N/a",
                "type": "sports",
                "rate": 0,
                "channelLogo": "https://bein.net/mena/wp-content/uploads/sites/3/2015/06/News_ar.png",
                "channel": "News_ar",
                "ttl": 1591845300000,
                "description": "-",
                "startTime": 1591845180000,
                "endTime": 1591845300000,
                "frequency": "-",
                "duration": 120000
            },
            {
                "channelName": "News_ar",
                "timestampKey": 1591845300000,
                "showName": "Special Report - 11/06/20",
                "showImage": "N/a",
                "type": "sports",
                "rate": 0,
                "channelLogo": "https://bein.net/mena/wp-content/uploads/sites/3/2015/06/News_ar.png",
                "channel": "News_ar",
                "ttl": 1591846200000,
                "description": "-",
                "startTime": 1591845300000,
                "endTime": 1591846200000,
                "frequency": "-",
                "duration": 900000
            }
        ],
        "channelLogo": "https://bein.net/mena/wp-content/uploads/sites/3/2015/06/News_ar.png",
        "channel": "News_ar",
        "type2": "sports"
    },
    {
        "channelNameKey": "News_ar",
        "timestampKey": 1591845300000,
        "startTime": 1591845300000,
        "endTime": 1591846200000,
        "type": "sports",
        "rate": 0,
        "ttl": 1591846200000,
        "items": [
            {
                "channelName": "News_ar",
                "timestampKey": 1591845300000,
                "showName": "Special Report - 11/06/20",
                "showImage": "N/a",
                "type": "sports",
                "rate": 0,
                "channelLogo": "https://bein.net/mena/wp-content/uploads/sites/3/2015/06/News_ar.png",
                "channel": "News_ar",
                "ttl": 1591846200000,
                "description": "-",
                "startTime": 1591845300000,
                "endTime": 1591846200000,
                "frequency": "-",
                "duration": 900000
            },
            {
                "channelName": "News_ar",
                "timestampKey": 1591846200000,
                "showName": "ALBUM - NEWS 2020",
                "showImage": "N/a",
                "type": "sports",
                "rate": 0,
                "channelLogo": "https://bein.net/mena/wp-content/uploads/sites/3/2015/06/News_ar.png",
                "channel": "News_ar",
                "ttl": 1591848000000,
                "description": "-",
                "startTime": 1591846200000,
                "endTime": 1591848000000,
                "frequency": "-",
                "duration": 1800000
            }
        ],
        "channelLogo": "https://bein.net/mena/wp-content/uploads/sites/3/2015/06/News_ar.png",
        "channel": "News_ar",
        "type2": "sports"
    },
    {
        "channelNameKey": "News_ar",
        "timestampKey": 1591846200000,
        "startTime": 1591846200000,
        "endTime": 1591848000000,
        "type": "sports",
        "rate": 0,
        "ttl": 1591848000000,
        "items": [
            {
                "channelName": "News_ar",
                "timestampKey": 1591846200000,
                "showName": "ALBUM - NEWS 2020",
                "showImage": "N/a",
                "type": "sports",
                "rate": 0,
                "channelLogo": "https://bein.net/mena/wp-content/uploads/sites/3/2015/06/News_ar.png",
                "channel": "News_ar",
                "ttl": 1591848000000,
                "description": "-",
                "startTime": 1591846200000,
                "endTime": 1591848000000,
                "frequency": "-",
                "duration": 1800000
            },
            {
                "channelName": "News_ar",
                "timestampKey": 1591848000000,
                "showName": "Sports News (Hasad) - 2020",
                "showImage": "N/a",
                "type": "sports",
                "rate": 0,
                "channelLogo": "https://bein.net/mena/wp-content/uploads/sites/3/2015/06/News_ar.png",
                "channel": "News_ar",
                "ttl": 1591851600000,
                "description": "-",
                "startTime": 1591848000000,
                "endTime": 1591851600000,
                "frequency": "-",
                "duration": 3600000
            }
        ],
        "channelLogo": "https://bein.net/mena/wp-content/uploads/sites/3/2015/06/News_ar.png",
        "channel": "News_ar",
        "type2": "sports"
    },
    {
        "channelNameKey": "News_ar",
        "timestampKey": 1591848000000,
        "startTime": 1591848000000,
        "endTime": 1591851600000,
        "type": "sports",
        "rate": 0,
        "ttl": 1591851600000,
        "items": [
            {
                "channelName": "News_ar",
                "timestampKey": 1591848000000,
                "showName": "Sports News (Hasad) - 2020",
                "showImage": "N/a",
                "type": "sports",
                "rate": 0,
                "channelLogo": "https://bein.net/mena/wp-content/uploads/sites/3/2015/06/News_ar.png",
                "channel": "News_ar",
                "ttl": 1591851600000,
                "description": "-",
                "startTime": 1591848000000,
                "endTime": 1591851600000,
                "frequency": "-",
                "duration": 3600000
            },
            {
                "channelName": "News_ar",
                "timestampKey": 1591851600000,
                "showName": "Briefs @02:00 2020",
                "showImage": "N/a",
                "type": "sports",
                "rate": 0,
                "channelLogo": "https://bein.net/mena/wp-content/uploads/sites/3/2015/06/News_ar.png",
                "channel": "News_ar",
                "ttl": 1591852440000,
                "description": "-",
                "startTime": 1591851600000,
                "endTime": 1591852440000,
                "frequency": "-",
                "duration": 840000
            }
        ],
        "channelLogo": "https://bein.net/mena/wp-content/uploads/sites/3/2015/06/News_ar.png",
        "channel": "News_ar",
        "type2": "sports"
    },
    {
        "channelNameKey": "News_ar",
        "timestampKey": 1591851600000,
        "startTime": 1591851600000,
        "endTime": 1591852440000,
        "type": "sports",
        "rate": 0,
        "ttl": 1591852440000,
        "items": [
            {
                "channelName": "News_ar",
                "timestampKey": 1591851600000,
                "showName": "Briefs @02:00 2020",
                "showImage": "N/a",
                "type": "sports",
                "rate": 0,
                "channelLogo": "https://bein.net/mena/wp-content/uploads/sites/3/2015/06/News_ar.png",
                "channel": "News_ar",
                "ttl": 1591852440000,
                "description": "-",
                "startTime": 1591851600000,
                "endTime": 1591852440000,
                "frequency": "-",
                "duration": 840000
            },
            {
                "channelName": "News_ar",
                "timestampKey": 1591852440000,
                "showName": "News Stars - 11 June 2020",
                "showImage": "N/a",
                "type": "sports",
                "rate": 0,
                "channelLogo": "https://bein.net/mena/wp-content/uploads/sites/3/2015/06/News_ar.png",
                "channel": "News_ar",
                "ttl": 1591852620000,
                "description": "-",
                "startTime": 1591852440000,
                "endTime": 1591852620000,
                "frequency": "-",
                "duration": 180000
            }
        ],
        "channelLogo": "https://bein.net/mena/wp-content/uploads/sites/3/2015/06/News_ar.png",
        "channel": "News_ar",
        "type2": "sports"
    },
    {
        "channelNameKey": "News_ar",
        "timestampKey": 1591852440000,
        "startTime": 1591852440000,
        "endTime": 1591852620000,
        "type": "sports",
        "rate": 0,
        "ttl": 1591852620000,
        "items": [
            {
                "channelName": "News_ar",
                "timestampKey": 1591852440000,
                "showName": "News Stars - 11 June 2020",
                "showImage": "N/a",
                "type": "sports",
                "rate": 0,
                "channelLogo": "https://bein.net/mena/wp-content/uploads/sites/3/2015/06/News_ar.png",
                "channel": "News_ar",
                "ttl": 1591852620000,
                "description": "-",
                "startTime": 1591852440000,
                "endTime": 1591852620000,
                "frequency": "-",
                "duration": 180000
            },
            {
                "channelName": "News_ar",
                "timestampKey": 1591852620000,
                "showName": "Special Report - 11/06/20",
                "showImage": "N/a",
                "type": "sports",
                "rate": 0,
                "channelLogo": "https://bein.net/mena/wp-content/uploads/sites/3/2015/06/News_ar.png",
                "channel": "News_ar",
                "ttl": 1591853400000,
                "description": "-",
                "startTime": 1591852620000,
                "endTime": 1591853400000,
                "frequency": "-",
                "duration": 780000
            }
        ],
        "channelLogo": "https://bein.net/mena/wp-content/uploads/sites/3/2015/06/News_ar.png",
        "channel": "News_ar",
        "type2": "sports"
    },
    {
        "channelNameKey": "News_ar",
        "timestampKey": 1591852620000,
        "startTime": 1591852620000,
        "endTime": 1591853400000,
        "type": "sports",
        "rate": 0,
        "ttl": 1591853400000,
        "items": [
            {
                "channelName": "News_ar",
                "timestampKey": 1591852620000,
                "showName": "Special Report - 11/06/20",
                "showImage": "N/a",
                "type": "sports",
                "rate": 0,
                "channelLogo": "https://bein.net/mena/wp-content/uploads/sites/3/2015/06/News_ar.png",
                "channel": "News_ar",
                "ttl": 1591853400000,
                "description": "-",
                "startTime": 1591852620000,
                "endTime": 1591853400000,
                "frequency": "-",
                "duration": 780000
            },
            {
                "channelName": "News_ar",
                "timestampKey": 1591853400000,
                "showName": "ALBUM - NEWS 2020",
                "showImage": "N/a",
                "type": "sports",
                "rate": 0,
                "channelLogo": "https://bein.net/mena/wp-content/uploads/sites/3/2015/06/News_ar.png",
                "channel": "News_ar",
                "ttl": 1591854840000,
                "description": "-",
                "startTime": 1591853400000,
                "endTime": 1591854840000,
                "frequency": "-",
                "duration": 1440000
            }
        ],
        "channelLogo": "https://bein.net/mena/wp-content/uploads/sites/3/2015/06/News_ar.png",
        "channel": "News_ar",
        "type2": "sports"
    },
    {
        "channelNameKey": "News_ar",
        "timestampKey": 1591853400000,
        "startTime": 1591853400000,
        "endTime": 1591854840000,
        "type": "sports",
        "rate": 0,
        "ttl": 1591854840000,
        "items": [
            {
                "channelName": "News_ar",
                "timestampKey": 1591853400000,
                "showName": "ALBUM - NEWS 2020",
                "showImage": "N/a",
                "type": "sports",
                "rate": 0,
                "channelLogo": "https://bein.net/mena/wp-content/uploads/sites/3/2015/06/News_ar.png",
                "channel": "News_ar",
                "ttl": 1591854840000,
                "description": "-",
                "startTime": 1591853400000,
                "endTime": 1591854840000,
                "frequency": "-",
                "duration": 1440000
            },
            {
                "channelName": "News_ar",
                "timestampKey": 1591854840000,
                "showName": "Magazine Report  - 11/06/20",
                "showImage": "N/a",
                "type": "sports",
                "rate": 0,
                "channelLogo": "https://bein.net/mena/wp-content/uploads/sites/3/2015/06/News_ar.png",
                "channel": "News_ar",
                "ttl": 1591855200000,
                "description": "-",
                "startTime": 1591854840000,
                "endTime": 1591855200000,
                "frequency": "-",
                "duration": 360000
            }
        ],
        "channelLogo": "https://bein.net/mena/wp-content/uploads/sites/3/2015/06/News_ar.png",
        "channel": "News_ar",
        "type2": "sports"
    },
    {
        "channelNameKey": "News_ar",
        "timestampKey": 1591854840000,
        "startTime": 1591854840000,
        "endTime": 1591855200000,
        "type": "sports",
        "rate": 0,
        "ttl": 1591855200000,
        "items": [
            {
                "channelName": "News_ar",
                "timestampKey": 1591854840000,
                "showName": "Magazine Report  - 11/06/20",
                "showImage": "N/a",
                "type": "sports",
                "rate": 0,
                "channelLogo": "https://bein.net/mena/wp-content/uploads/sites/3/2015/06/News_ar.png",
                "channel": "News_ar",
                "ttl": 1591855200000,
                "description": "-",
                "startTime": 1591854840000,
                "endTime": 1591855200000,
                "frequency": "-",
                "duration": 360000
            },
            {
                "channelName": "News_ar",
                "timestampKey": 1591855200000,
                "showName": "Sports News (Hasad) - 2020",
                "showImage": "N/a",
                "type": "sports",
                "rate": 0,
                "channelLogo": "https://bein.net/mena/wp-content/uploads/sites/3/2015/06/News_ar.png",
                "channel": "News_ar",
                "ttl": 1591858800000,
                "description": "-",
                "startTime": 1591855200000,
                "endTime": 1591858800000,
                "frequency": "-",
                "duration": 3600000
            }
        ],
        "channelLogo": "https://bein.net/mena/wp-content/uploads/sites/3/2015/06/News_ar.png",
        "channel": "News_ar",
        "type2": "sports"
    },
    {
        "channelNameKey": "News_ar",
        "timestampKey": 1591855200000,
        "startTime": 1591855200000,
        "endTime": 1591858800000,
        "type": "sports",
        "rate": 0,
        "ttl": 1591858800000,
        "items": [
            {
                "channelName": "News_ar",
                "timestampKey": 1591855200000,
                "showName": "Sports News (Hasad) - 2020",
                "showImage": "N/a",
                "type": "sports",
                "rate": 0,
                "channelLogo": "https://bein.net/mena/wp-content/uploads/sites/3/2015/06/News_ar.png",
                "channel": "News_ar",
                "ttl": 1591858800000,
                "description": "-",
                "startTime": 1591855200000,
                "endTime": 1591858800000,
                "frequency": "-",
                "duration": 3600000
            },
            {
                "channelName": "News_ar",
                "timestampKey": 1591858800000,
                "showName": "Briefs @02:00 2020",
                "showImage": "N/a",
                "type": "sports",
                "rate": 0,
                "channelLogo": "https://bein.net/mena/wp-content/uploads/sites/3/2015/06/News_ar.png",
                "channel": "News_ar",
                "ttl": 1591859640000,
                "description": "-",
                "startTime": 1591858800000,
                "endTime": 1591859640000,
                "frequency": "-",
                "duration": 840000
            }
        ],
        "channelLogo": "https://bein.net/mena/wp-content/uploads/sites/3/2015/06/News_ar.png",
        "channel": "News_ar",
        "type2": "sports"
    },
    {
        "channelNameKey": "News_ar",
        "timestampKey": 1591858800000,
        "startTime": 1591858800000,
        "endTime": 1591859640000,
        "type": "sports",
        "rate": 0,
        "ttl": 1591859640000,
        "items": [
            {
                "channelName": "News_ar",
                "timestampKey": 1591858800000,
                "showName": "Briefs @02:00 2020",
                "showImage": "N/a",
                "type": "sports",
                "rate": 0,
                "channelLogo": "https://bein.net/mena/wp-content/uploads/sites/3/2015/06/News_ar.png",
                "channel": "News_ar",
                "ttl": 1591859640000,
                "description": "-",
                "startTime": 1591858800000,
                "endTime": 1591859640000,
                "frequency": "-",
                "duration": 840000
            },
            {
                "channelName": "News_ar",
                "timestampKey": 1591859640000,
                "showName": "News Stars - 11 June 2020",
                "showImage": "N/a",
                "type": "sports",
                "rate": 0,
                "channelLogo": "https://bein.net/mena/wp-content/uploads/sites/3/2015/06/News_ar.png",
                "channel": "News_ar",
                "ttl": 1591860000000,
                "description": "-",
                "startTime": 1591859640000,
                "endTime": 1591860000000,
                "frequency": "-",
                "duration": 360000
            }
        ],
        "channelLogo": "https://bein.net/mena/wp-content/uploads/sites/3/2015/06/News_ar.png",
        "channel": "News_ar",
        "type2": "sports"
    },
    {
        "channelNameKey": "News_ar",
        "timestampKey": 1591859640000,
        "startTime": 1591859640000,
        "endTime": 1591860000000,
        "type": "sports",
        "rate": 0,
        "ttl": 1591860000000,
        "items": [
            {
                "channelName": "News_ar",
                "timestampKey": 1591859640000,
                "showName": "News Stars - 11 June 2020",
                "showImage": "N/a",
                "type": "sports",
                "rate": 0,
                "channelLogo": "https://bein.net/mena/wp-content/uploads/sites/3/2015/06/News_ar.png",
                "channel": "News_ar",
                "ttl": 1591860000000,
                "description": "-",
                "startTime": 1591859640000,
                "endTime": 1591860000000,
                "frequency": "-",
                "duration": 360000
            },
            {
                "channelName": "News_ar",
                "timestampKey": 1591860000000,
                "showName": "Special Report - 11/06/20",
                "showImage": "N/a",
                "type": "sports",
                "rate": 0,
                "channelLogo": "https://bein.net/mena/wp-content/uploads/sites/3/2015/06/News_ar.png",
                "channel": "News_ar",
                "ttl": 1591860900000,
                "description": "-",
                "startTime": 1591860000000,
                "endTime": 1591860900000,
                "frequency": "-",
                "duration": 900000
            }
        ],
        "channelLogo": "https://bein.net/mena/wp-content/uploads/sites/3/2015/06/News_ar.png",
        "channel": "News_ar",
        "type2": "sports"
    },
    {
        "channelNameKey": "News_ar",
        "timestampKey": 1591860000000,
        "startTime": 1591860000000,
        "endTime": 1591860900000,
        "type": "sports",
        "rate": 0,
        "ttl": 1591860900000,
        "items": [
            {
                "channelName": "News_ar",
                "timestampKey": 1591860000000,
                "showName": "Special Report - 11/06/20",
                "showImage": "N/a",
                "type": "sports",
                "rate": 0,
                "channelLogo": "https://bein.net/mena/wp-content/uploads/sites/3/2015/06/News_ar.png",
                "channel": "News_ar",
                "ttl": 1591860900000,
                "description": "-",
                "startTime": 1591860000000,
                "endTime": 1591860900000,
                "frequency": "-",
                "duration": 900000
            },
            {
                "channelName": "News_ar",
                "timestampKey": 1591860900000,
                "showName": "Magazine Report  - 11/06/20",
                "showImage": "N/a",
                "type": "sports",
                "rate": 0,
                "channelLogo": "https://bein.net/mena/wp-content/uploads/sites/3/2015/06/News_ar.png",
                "channel": "News_ar",
                "ttl": 1591861500000,
                "description": "-",
                "startTime": 1591860900000,
                "endTime": 1591861500000,
                "frequency": "-",
                "duration": 600000
            }
        ],
        "channelLogo": "https://bein.net/mena/wp-content/uploads/sites/3/2015/06/News_ar.png",
        "channel": "News_ar",
        "type2": "sports"
    },
    {
        "channelNameKey": "News_ar",
        "timestampKey": 1591860900000,
        "startTime": 1591860900000,
        "endTime": 1591861500000,
        "type": "sports",
        "rate": 0,
        "ttl": 1591861500000,
        "items": [
            {
                "channelName": "News_ar",
                "timestampKey": 1591860900000,
                "showName": "Magazine Report  - 11/06/20",
                "showImage": "N/a",
                "type": "sports",
                "rate": 0,
                "channelLogo": "https://bein.net/mena/wp-content/uploads/sites/3/2015/06/News_ar.png",
                "channel": "News_ar",
                "ttl": 1591861500000,
                "description": "-",
                "startTime": 1591860900000,
                "endTime": 1591861500000,
                "frequency": "-",
                "duration": 600000
            },
            {
                "channelName": "News_ar",
                "timestampKey": 1591861500000,
                "showName": "Interview Report - 11/06/20",
                "showImage": "N/a",
                "type": "sports",
                "rate": 0,
                "channelLogo": "https://bein.net/mena/wp-content/uploads/sites/3/2015/06/News_ar.png",
                "channel": "News_ar",
                "ttl": 1591776000000,
                "description": "-",
                "startTime": 1591861500000,
                "endTime": 1591776000000,
                "frequency": "-",
                "duration": -85500000
            }
        ],
        "channelLogo": "https://bein.net/mena/wp-content/uploads/sites/3/2015/06/News_ar.png",
        "channel": "News_ar",
        "type2": "sports"
    },
    {
        "channelNameKey": "News_ar",
        "timestampKey": 1591861500000,
        "startTime": 1591861500000,
        "endTime": 1591776000000,
        "type": "sports",
        "rate": 0,
        "ttl": 1591776000000,
        "items": [
            {
                "channelName": "News_ar",
                "timestampKey": 1591861500000,
                "showName": "Interview Report - 11/06/20",
                "showImage": "N/a",
                "type": "sports",
                "rate": 0,
                "channelLogo": "https://bein.net/mena/wp-content/uploads/sites/3/2015/06/News_ar.png",
                "channel": "News_ar",
                "ttl": 1591776000000,
                "description": "-",
                "startTime": 1591861500000,
                "endTime": 1591776000000,
                "frequency": "-",
                "duration": -85500000
            }
        ],
        "channelLogo": "https://bein.net/mena/wp-content/uploads/sites/3/2015/06/News_ar.png",
        "channel": "News_ar",
        "type2": "sports"
    },
    {
        "channelNameKey": "MoviesHD1",
        "timestampKey": 1591840800000,
        "startTime": 1591840800000,
        "endTime": 1591847100000,
        "type": "أفلام",
        "rate": 0,
        "ttl": 1591847100000,
        "items": [
            {
                "channelName": "MoviesHD1",
                "timestampKey": 1591840800000,
                "showName": "ذا نان",
                "showImage": "N/a",
                "type": "أفلام",
                "rate": 0,
                "channelLogo": "https://bein.net/mena/wp-content/uploads/sites/3/2015/06/MoviesHD1.png",
                "channel": "MoviesHD1",
                "ttl": 1591847100000,
                "description": "-",
                "startTime": 1591840800000,
                "endTime": 1591847100000,
                "frequency": "-",
                "duration": 6300000
            },
            {
                "channelName": "MoviesHD1",
                "timestampKey": 1591847100000,
                "showName": "وايلدينج",
                "showImage": "N/a",
                "type": "أفلام",
                "rate": 0,
                "channelLogo": "https://bein.net/mena/wp-content/uploads/sites/3/2015/06/MoviesHD1.png",
                "channel": "MoviesHD1",
                "ttl": 1591853400000,
                "description": "-",
                "startTime": 1591847100000,
                "endTime": 1591853400000,
                "frequency": "-",
                "duration": 6300000
            }
        ],
        "channelLogo": "https://bein.net/mena/wp-content/uploads/sites/3/2015/06/MoviesHD1.png",
        "channel": "MoviesHD1",
        "type2": "أفلام"
    },
    {
        "channelNameKey": "MoviesHD1",
        "timestampKey": 1591847100000,
        "startTime": 1591847100000,
        "endTime": 1591853400000,
        "type": "أفلام",
        "rate": 0,
        "ttl": 1591853400000,
        "items": [
            {
                "channelName": "MoviesHD1",
                "timestampKey": 1591847100000,
                "showName": "وايلدينج",
                "showImage": "N/a",
                "type": "أفلام",
                "rate": 0,
                "channelLogo": "https://bein.net/mena/wp-content/uploads/sites/3/2015/06/MoviesHD1.png",
                "channel": "MoviesHD1",
                "ttl": 1591853400000,
                "description": "-",
                "startTime": 1591847100000,
                "endTime": 1591853400000,
                "frequency": "-",
                "duration": 6300000
            },
            {
                "channelName": "MoviesHD1",
                "timestampKey": 1591853400000,
                "showName": "بوينت مان",
                "showImage": "N/a",
                "type": "أفلام",
                "rate": 0,
                "channelLogo": "https://bein.net/mena/wp-content/uploads/sites/3/2015/06/MoviesHD1.png",
                "channel": "MoviesHD1",
                "ttl": 1591860600000,
                "description": "-",
                "startTime": 1591853400000,
                "endTime": 1591860600000,
                "frequency": "-",
                "duration": 7200000
            }
        ],
        "channelLogo": "https://bein.net/mena/wp-content/uploads/sites/3/2015/06/MoviesHD1.png",
        "channel": "MoviesHD1",
        "type2": "أفلام"
    },
    {
        "channelNameKey": "MoviesHD1",
        "timestampKey": 1591853400000,
        "startTime": 1591853400000,
        "endTime": 1591860600000,
        "type": "أفلام",
        "rate": 0,
        "ttl": 1591860600000,
        "items": [
            {
                "channelName": "MoviesHD1",
                "timestampKey": 1591853400000,
                "showName": "بوينت مان",
                "showImage": "N/a",
                "type": "أفلام",
                "rate": 0,
                "channelLogo": "https://bein.net/mena/wp-content/uploads/sites/3/2015/06/MoviesHD1.png",
                "channel": "MoviesHD1",
                "ttl": 1591860600000,
                "description": "-",
                "startTime": 1591853400000,
                "endTime": 1591860600000,
                "frequency": "-",
                "duration": 7200000
            },
            {
                "channelName": "MoviesHD1",
                "timestampKey": 1591860600000,
                "showName": "ساوث تيرمينال",
                "showImage": "N/a",
                "type": "أفلام",
                "rate": 0,
                "channelLogo": "https://bein.net/mena/wp-content/uploads/sites/3/2015/06/MoviesHD1.png",
                "channel": "MoviesHD1",
                "ttl": 1591780500000,
                "description": "-",
                "startTime": 1591860600000,
                "endTime": 1591780500000,
                "frequency": "-",
                "duration": -80100000
            }
        ],
        "channelLogo": "https://bein.net/mena/wp-content/uploads/sites/3/2015/06/MoviesHD1.png",
        "channel": "MoviesHD1",
        "type2": "أفلام"
    },
    {
        "channelNameKey": "MoviesHD1",
        "timestampKey": 1591860600000,
        "startTime": 1591860600000,
        "endTime": 1591780500000,
        "type": "أفلام",
        "rate": 0,
        "ttl": 1591780500000,
        "items": [
            {
                "channelName": "MoviesHD1",
                "timestampKey": 1591860600000,
                "showName": "ساوث تيرمينال",
                "showImage": "N/a",
                "type": "أفلام",
                "rate": 0,
                "channelLogo": "https://bein.net/mena/wp-content/uploads/sites/3/2015/06/MoviesHD1.png",
                "channel": "MoviesHD1",
                "ttl": 1591780500000,
                "description": "-",
                "startTime": 1591860600000,
                "endTime": 1591780500000,
                "frequency": "-",
                "duration": -80100000
            }
        ],
        "channelLogo": "https://bein.net/mena/wp-content/uploads/sites/3/2015/06/MoviesHD1.png",
        "channel": "MoviesHD1",
        "type2": "أفلام"
    },
    {
        "channelNameKey": "MoviesHD2",
        "timestampKey": 1591837200000,
        "startTime": 1591837200000,
        "endTime": 1591845000000,
        "type": "أفلام",
        "rate": 0,
        "ttl": 1591845000000,
        "items": [
            {
                "channelName": "MoviesHD2",
                "timestampKey": 1591837200000,
                "showName": "أمريكان سنيبر",
                "showImage": "N/a",
                "type": "أفلام",
                "rate": 0,
                "channelLogo": "https://bein.net/mena/wp-content/uploads/sites/3/2015/06/MoviesHD2.png",
                "channel": "MoviesHD2",
                "ttl": 1591845000000,
                "description": "-",
                "startTime": 1591837200000,
                "endTime": 1591845000000,
                "frequency": "-",
                "duration": 7800000
            },
            {
                "channelName": "MoviesHD2",
                "timestampKey": 1591845000000,
                "showName": "هانيبال رايزينج",
                "showImage": "N/a",
                "type": "أفلام",
                "rate": 0,
                "channelLogo": "https://bein.net/mena/wp-content/uploads/sites/3/2015/06/MoviesHD2.png",
                "channel": "MoviesHD2",
                "ttl": 1591852200000,
                "description": "-",
                "startTime": 1591845000000,
                "endTime": 1591852200000,
                "frequency": "-",
                "duration": 7200000
            }
        ],
        "channelLogo": "https://bein.net/mena/wp-content/uploads/sites/3/2015/06/MoviesHD2.png",
        "channel": "MoviesHD2",
        "type2": "أفلام"
    },
    {
        "channelNameKey": "MoviesHD2",
        "timestampKey": 1591845000000,
        "startTime": 1591845000000,
        "endTime": 1591852200000,
        "type": "أفلام",
        "rate": 0,
        "ttl": 1591852200000,
        "items": [
            {
                "channelName": "MoviesHD2",
                "timestampKey": 1591845000000,
                "showName": "هانيبال رايزينج",
                "showImage": "N/a",
                "type": "أفلام",
                "rate": 0,
                "channelLogo": "https://bein.net/mena/wp-content/uploads/sites/3/2015/06/MoviesHD2.png",
                "channel": "MoviesHD2",
                "ttl": 1591852200000,
                "description": "-",
                "startTime": 1591845000000,
                "endTime": 1591852200000,
                "frequency": "-",
                "duration": 7200000
            },
            {
                "channelName": "MoviesHD2",
                "timestampKey": 1591852200000,
                "showName": "ثري كينجز",
                "showImage": "N/a",
                "type": "أفلام",
                "rate": 0,
                "channelLogo": "https://bein.net/mena/wp-content/uploads/sites/3/2015/06/MoviesHD2.png",
                "channel": "MoviesHD2",
                "ttl": 1591858800000,
                "description": "-",
                "startTime": 1591852200000,
                "endTime": 1591858800000,
                "frequency": "-",
                "duration": 6600000
            }
        ],
        "channelLogo": "https://bein.net/mena/wp-content/uploads/sites/3/2015/06/MoviesHD2.png",
        "channel": "MoviesHD2",
        "type2": "أفلام"
    },
    {
        "channelNameKey": "MoviesHD2",
        "timestampKey": 1591852200000,
        "startTime": 1591852200000,
        "endTime": 1591858800000,
        "type": "أفلام",
        "rate": 0,
        "ttl": 1591858800000,
        "items": [
            {
                "channelName": "MoviesHD2",
                "timestampKey": 1591852200000,
                "showName": "ثري كينجز",
                "showImage": "N/a",
                "type": "أفلام",
                "rate": 0,
                "channelLogo": "https://bein.net/mena/wp-content/uploads/sites/3/2015/06/MoviesHD2.png",
                "channel": "MoviesHD2",
                "ttl": 1591858800000,
                "description": "-",
                "startTime": 1591852200000,
                "endTime": 1591858800000,
                "frequency": "-",
                "duration": 6600000
            },
            {
                "channelName": "MoviesHD2",
                "timestampKey": 1591858800000,
                "showName": "كيلر آيلاند",
                "showImage": "N/a",
                "type": "أفلام",
                "rate": 0,
                "channelLogo": "https://bein.net/mena/wp-content/uploads/sites/3/2015/06/MoviesHD2.png",
                "channel": "MoviesHD2",
                "ttl": 1591777800000,
                "description": "-",
                "startTime": 1591858800000,
                "endTime": 1591777800000,
                "frequency": "-",
                "duration": -81000000
            }
        ],
        "channelLogo": "https://bein.net/mena/wp-content/uploads/sites/3/2015/06/MoviesHD2.png",
        "channel": "MoviesHD2",
        "type2": "أفلام"
    },
    {
        "channelNameKey": "MoviesHD2",
        "timestampKey": 1591858800000,
        "startTime": 1591858800000,
        "endTime": 1591777800000,
        "type": "أفلام",
        "rate": 0,
        "ttl": 1591777800000,
        "items": [
            {
                "channelName": "MoviesHD2",
                "timestampKey": 1591858800000,
                "showName": "كيلر آيلاند",
                "showImage": "N/a",
                "type": "أفلام",
                "rate": 0,
                "channelLogo": "https://bein.net/mena/wp-content/uploads/sites/3/2015/06/MoviesHD2.png",
                "channel": "MoviesHD2",
                "ttl": 1591777800000,
                "description": "-",
                "startTime": 1591858800000,
                "endTime": 1591777800000,
                "frequency": "-",
                "duration": -81000000
            }
        ],
        "channelLogo": "https://bein.net/mena/wp-content/uploads/sites/3/2015/06/MoviesHD2.png",
        "channel": "MoviesHD2",
        "type2": "أفلام"
    }
]