[{"channelNameKey": "OM1", "timestampKey": 1593850200000.0, "startTime": 1593850200000.0, "endTime": 1593861000000.0, "type": "Movies", "rate": 0, "ttl": 1593861000000.0, "items": [{"channelName": "OM1", "timestampKey": 1593850200000.0, "showName": "Avengers: Endgame", "showImage": "N/a", "type": "Movies", "rate": 0, "channelLogo": "https://content.osn.com/logo/channel/cropped/OM1.png", "channel": "OM1", "ttl": 1593861000000.0, "description": "-", "startTime": 1593850200000.0, "endTime": 1593861000000.0, "frequency": "-", "duration": 10800000}, {"channelName": "OM1", "timestampKey": 1593861000000.0, "showName": "Family", "showImage": "N/a", "type": "Movies", "rate": 0, "channelLogo": "https://content.osn.com/logo/channel/cropped/OM1.png", "channel": "OM1", "ttl": 1593866400000.0, "description": "-", "startTime": 1593861000000.0, "endTime": 1593866400000.0, "frequency": "-", "duration": 5400000}], "channelLogo": "https://content.osn.com/logo/channel/cropped/OM1.png", "channel": "OM1", "type2": "Movies"}, {"channelNameKey": "OM1", "timestampKey": 1593861000000.0, "startTime": 1593861000000.0, "endTime": 1593866400000.0, "type": "Movies", "rate": 0, "ttl": 1593866400000.0, "items": [{"channelName": "OM1", "timestampKey": 1593861000000.0, "showName": "Family", "showImage": "N/a", "type": "Movies", "rate": 0, "channelLogo": "https://content.osn.com/logo/channel/cropped/OM1.png", "channel": "OM1", "ttl": 1593866400000.0, "description": "-", "startTime": 1593861000000.0, "endTime": 1593866400000.0, "frequency": "-", "duration": 5400000}, {"channelName": "OM1", "timestampKey": 1593866400000.0, "showName": "Benchwarmers 2: Breaking Balls", "showImage": "N/a", "type": "Movies", "rate": 0, "channelLogo": "https://content.osn.com/logo/channel/cropped/OM1.png", "channel": "OM1", "ttl": 1593872400000.0, "description": "-", "startTime": 1593866400000.0, "endTime": 1593872400000.0, "frequency": "-", "duration": 6000000}], "channelLogo": "https://content.osn.com/logo/channel/cropped/OM1.png", "channel": "OM1", "type2": "Movies"}, {"channelNameKey": "OM1", "timestampKey": 1593866400000.0, "startTime": 1593866400000.0, "endTime": 1593872400000.0, "type": "Movies", "rate": 0, "ttl": 1593872400000.0, "items": [{"channelName": "OM1", "timestampKey": 1593866400000.0, "showName": "Benchwarmers 2: Breaking Balls", "showImage": "N/a", "type": "Movies", "rate": 0, "channelLogo": "https://content.osn.com/logo/channel/cropped/OM1.png", "channel": "OM1", "ttl": 1593872400000.0, "description": "-", "startTime": 1593866400000.0, "endTime": 1593872400000.0, "frequency": "-", "duration": 6000000}, {"channelName": "OM1", "timestampKey": 1593872400000.0, "showName": "Toy Story 4", "showImage": "N/a", "type": "Movies", "rate": 0, "channelLogo": "https://content.osn.com/logo/channel/cropped/OM1.png", "channel": "OM1", "ttl": 1593878700000.0, "description": "-", "startTime": 1593872400000.0, "endTime": 1593878700000.0, "frequency": "-", "duration": 6300000}], "channelLogo": "https://content.osn.com/logo/channel/cropped/OM1.png", "channel": "OM1", "type2": "Movies"}, {"channelNameKey": "OM1", "timestampKey": 1593872400000.0, "startTime": 1593872400000.0, "endTime": 1593878700000.0, "type": "Movies", "rate": 0, "ttl": 1593878700000.0, "items": [{"channelName": "OM1", "timestampKey": 1593872400000.0, "showName": "Toy Story 4", "showImage": "N/a", "type": "Movies", "rate": 0, "channelLogo": "https://content.osn.com/logo/channel/cropped/OM1.png", "channel": "OM1", "ttl": 1593878700000.0, "description": "-", "startTime": 1593872400000.0, "endTime": 1593878700000.0, "frequency": "-", "duration": 6300000}, {"channelName": "OM1", "timestampKey": 1593878700000.0, "showName": "Dumplin'", "showImage": "N/a", "type": "Movies", "rate": 0, "channelLogo": "https://content.osn.com/logo/channel/cropped/OM1.png", "channel": "OM1", "ttl": 1593885600000.0, "description": "-", "startTime": 1593878700000.0, "endTime": 1593885600000.0, "frequency": "-", "duration": 6900000}], "channelLogo": "https://content.osn.com/logo/channel/cropped/OM1.png", "channel": "OM1", "type2": "Movies"}, {"channelNameKey": "OM1", "timestampKey": 1593878700000.0, "startTime": 1593878700000.0, "endTime": 1593885600000.0, "type": "Movies", "rate": 0, "ttl": 1593885600000.0, "items": [{"channelName": "OM1", "timestampKey": 1593878700000.0, "showName": "Dumplin'", "showImage": "N/a", "type": "Movies", "rate": 0, "channelLogo": "https://content.osn.com/logo/channel/cropped/OM1.png", "channel": "OM1", "ttl": 1593885600000.0, "description": "-", "startTime": 1593878700000.0, "endTime": 1593885600000.0, "frequency": "-", "duration": 6900000}, {"channelName": "OM1", "timestampKey": 1593885600000.0, "showName": "Maleficent: Mistress Of Evil", "showImage": "N/a", "type": "Movies", "rate": 0, "channelLogo": "https://content.osn.com/logo/channel/cropped/OM1.png", "channel": "OM1", "ttl": 1593892800000.0, "description": "-", "startTime": 1593885600000.0, "endTime": 1593892800000.0, "frequency": "-", "duration": 7200000}], "channelLogo": "https://content.osn.com/logo/channel/cropped/OM1.png", "channel": "OM1", "type2": "Movies"}, {"channelNameKey": "OM1", "timestampKey": 1593885600000.0, "startTime": 1593885600000.0, "endTime": 1593892800000.0, "type": "Movies", "rate": 0, "ttl": 1593892800000.0, "items": [{"channelName": "OM1", "timestampKey": 1593885600000.0, "showName": "Maleficent: Mistress Of Evil", "showImage": "N/a", "type": "Movies", "rate": 0, "channelLogo": "https://content.osn.com/logo/channel/cropped/OM1.png", "channel": "OM1", "ttl": 1593892800000.0, "description": "-", "startTime": 1593885600000.0, "endTime": 1593892800000.0, "frequency": "-", "duration": 7200000}, {"channelName": "OM1", "timestampKey": 1593892800000.0, "showName": "Official Secrets", "showImage": "N/a", "type": "Movies", "rate": 0, "channelLogo": "https://content.osn.com/logo/channel/cropped/OM1.png", "channel": "OM1", "ttl": 1593899700000.0, "description": "-", "startTime": 1593892800000.0, "endTime": 1593899700000.0, "frequency": "-", "duration": 6900000}], "channelLogo": "https://content.osn.com/logo/channel/cropped/OM1.png", "channel": "OM1", "type2": "Movies"}, {"channelNameKey": "OM1", "timestampKey": 1593892800000.0, "startTime": 1593892800000.0, "endTime": 1593899700000.0, "type": "Movies", "rate": 0, "ttl": 1593899700000.0, "items": [{"channelName": "OM1", "timestampKey": 1593892800000.0, "showName": "Official Secrets", "showImage": "N/a", "type": "Movies", "rate": 0, "channelLogo": "https://content.osn.com/logo/channel/cropped/OM1.png", "channel": "OM1", "ttl": 1593899700000.0, "description": "-", "startTime": 1593892800000.0, "endTime": 1593899700000.0, "frequency": "-", "duration": 6900000}, {"channelName": "OM1", "timestampKey": 1593899700000.0, "showName": "Anon", "showImage": "N/a", "type": "Movies", "rate": 0, "channelLogo": "https://content.osn.com/logo/channel/cropped/OM1.png", "channel": "OM1", "ttl": 1593906000000.0, "description": "-", "startTime": 1593899700000.0, "endTime": 1593906000000.0, "frequency": "-", "duration": 6300000}], "channelLogo": "https://content.osn.com/logo/channel/cropped/OM1.png", "channel": "OM1", "type2": "Movies"}, {"channelNameKey": "OM1", "timestampKey": 1593899700000.0, "startTime": 1593899700000.0, "endTime": 1593906000000.0, "type": "Movies", "rate": 0, "ttl": 1593906000000.0, "items": [{"channelName": "OM1", "timestampKey": 1593899700000.0, "showName": "Anon", "showImage": "N/a", "type": "Movies", "rate": 0, "channelLogo": "https://content.osn.com/logo/channel/cropped/OM1.png", "channel": "OM1", "ttl": 1593906000000.0, "description": "-", "startTime": 1593899700000.0, "endTime": 1593906000000.0, "frequency": "-", "duration": 6300000}, {"channelName": "OM1", "timestampKey": 1593906000000.0, "showName": "Unloveable", "showImage": "N/a", "type": "Movies", "rate": 0, "channelLogo": "https://content.osn.com/logo/channel/cropped/OM1.png", "channel": "OM1", "ttl": 1593911100000.0, "description": "-", "startTime": 1593906000000.0, "endTime": 1593911100000.0, "frequency": "-", "duration": 5100000}], "channelLogo": "https://content.osn.com/logo/channel/cropped/OM1.png", "channel": "OM1", "type2": "Movies"}, {"channelNameKey": "OM1", "timestampKey": 1593906000000.0, "startTime": 1593906000000.0, "endTime": 1593911100000.0, "type": "Movies", "rate": 0, "ttl": 1593911100000.0, "items": [{"channelName": "OM1", "timestampKey": 1593906000000.0, "showName": "Unloveable", "showImage": "N/a", "type": "Movies", "rate": 0, "channelLogo": "https://content.osn.com/logo/channel/cropped/OM1.png", "channel": "OM1", "ttl": 1593911100000.0, "description": "-", "startTime": 1593906000000.0, "endTime": 1593911100000.0, "frequency": "-", "duration": 5100000}], "channelLogo": "https://content.osn.com/logo/channel/cropped/OM1.png", "channel": "OM1", "type2": "Movies"}, {"channelNameKey": "OMX", "timestampKey": 1593849900000.0, "startTime": 1593849900000.0, "endTime": 1593857400000.0, "type": "Movies", "rate": 0, "ttl": 1593857400000.0, "items": [{"channelName": "OMX", "timestampKey": 1593849900000.0, "showName": "Welcome To Marwen", "showImage": "N/a", "type": "Movies", "rate": 0, "channelLogo": "https://content.osn.com/logo/channel/cropped/OMX.png", "channel": "OMX", "ttl": 1593857400000.0, "description": "-", "startTime": 1593849900000.0, "endTime": 1593857400000.0, "frequency": "-", "duration": 7500000}, {"channelName": "OMX", "timestampKey": 1593857400000.0, "showName": "Avengers: Endgame", "showImage": "N/a", "type": "Movies", "rate": 0, "channelLogo": "https://content.osn.com/logo/channel/cropped/OMX.png", "channel": "OMX", "ttl": 1593868200000.0, "description": "-", "startTime": 1593857400000.0, "endTime": 1593868200000.0, "frequency": "-", "duration": 10800000}], "channelLogo": "https://content.osn.com/logo/channel/cropped/OMX.png", "channel": "OMX", "type2": "Movies"}, {"channelNameKey": "OMX", "timestampKey": 1593857400000.0, "startTime": 1593857400000.0, "endTime": 1593868200000.0, "type": "Movies", "rate": 0, "ttl": 1593868200000.0, "items": [{"channelName": "OMX", "timestampKey": 1593857400000.0, "showName": "Avengers: Endgame", "showImage": "N/a", "type": "Movies", "rate": 0, "channelLogo": "https://content.osn.com/logo/channel/cropped/OMX.png", "channel": "OMX", "ttl": 1593868200000.0, "description": "-", "startTime": 1593857400000.0, "endTime": 1593868200000.0, "frequency": "-", "duration": 10800000}, {"channelName": "OMX", "timestampKey": 1593868200000.0, "showName": "Family", "showImage": "N/a", "type": "Movies", "rate": 0, "channelLogo": "https://content.osn.com/logo/channel/cropped/OMX.png", "channel": "OMX", "ttl": 1593873600000.0, "description": "-", "startTime": 1593868200000.0, "endTime": 1593873600000.0, "frequency": "-", "duration": 5400000}], "channelLogo": "https://content.osn.com/logo/channel/cropped/OMX.png", "channel": "OMX", "type2": "Movies"}, {"channelNameKey": "OMX", "timestampKey": 1593868200000.0, "startTime": 1593868200000.0, "endTime": 1593873600000.0, "type": "Movies", "rate": 0, "ttl": 1593873600000.0, "items": [{"channelName": "OMX", "timestampKey": 1593868200000.0, "showName": "Family", "showImage": "N/a", "type": "Movies", "rate": 0, "channelLogo": "https://content.osn.com/logo/channel/cropped/OMX.png", "channel": "OMX", "ttl": 1593873600000.0, "description": "-", "startTime": 1593868200000.0, "endTime": 1593873600000.0, "frequency": "-", "duration": 5400000}, {"channelName": "OMX", "timestampKey": 1593873600000.0, "showName": "Benchwarmers 2: Breaking Balls", "showImage": "N/a", "type": "Movies", "rate": 0, "channelLogo": "https://content.osn.com/logo/channel/cropped/OMX.png", "channel": "OMX", "ttl": 1593879600000.0, "description": "-", "startTime": 1593873600000.0, "endTime": 1593879600000.0, "frequency": "-", "duration": 6000000}], "channelLogo": "https://content.osn.com/logo/channel/cropped/OMX.png", "channel": "OMX", "type2": "Movies"}, {"channelNameKey": "OMX", "timestampKey": 1593873600000.0, "startTime": 1593873600000.0, "endTime": 1593879600000.0, "type": "Movies", "rate": 0, "ttl": 1593879600000.0, "items": [{"channelName": "OMX", "timestampKey": 1593873600000.0, "showName": "Benchwarmers 2: Breaking Balls", "showImage": "N/a", "type": "Movies", "rate": 0, "channelLogo": "https://content.osn.com/logo/channel/cropped/OMX.png", "channel": "OMX", "ttl": 1593879600000.0, "description": "-", "startTime": 1593873600000.0, "endTime": 1593879600000.0, "frequency": "-", "duration": 6000000}, {"channelName": "OMX", "timestampKey": 1593879600000.0, "showName": "Toy Story 4", "showImage": "N/a", "type": "Movies", "rate": 0, "channelLogo": "https://content.osn.com/logo/channel/cropped/OMX.png", "channel": "OMX", "ttl": 1593885900000.0, "description": "-", "startTime": 1593879600000.0, "endTime": 1593885900000.0, "frequency": "-", "duration": 6300000}], "channelLogo": "https://content.osn.com/logo/channel/cropped/OMX.png", "channel": "OMX", "type2": "Movies"}, {"channelNameKey": "OMX", "timestampKey": 1593879600000.0, "startTime": 1593879600000.0, "endTime": 1593885900000.0, "type": "Movies", "rate": 0, "ttl": 1593885900000.0, "items": [{"channelName": "OMX", "timestampKey": 1593879600000.0, "showName": "Toy Story 4", "showImage": "N/a", "type": "Movies", "rate": 0, "channelLogo": "https://content.osn.com/logo/channel/cropped/OMX.png", "channel": "OMX", "ttl": 1593885900000.0, "description": "-", "startTime": 1593879600000.0, "endTime": 1593885900000.0, "frequency": "-", "duration": 6300000}, {"channelName": "OMX", "timestampKey": 1593885900000.0, "showName": "Dumplin'", "showImage": "N/a", "type": "Movies", "rate": 0, "channelLogo": "https://content.osn.com/logo/channel/cropped/OMX.png", "channel": "OMX", "ttl": 1593892800000.0, "description": "-", "startTime": 1593885900000.0, "endTime": 1593892800000.0, "frequency": "-", "duration": 6900000}], "channelLogo": "https://content.osn.com/logo/channel/cropped/OMX.png", "channel": "OMX", "type2": "Movies"}, {"channelNameKey": "OMX", "timestampKey": 1593885900000.0, "startTime": 1593885900000.0, "endTime": 1593892800000.0, "type": "Movies", "rate": 0, "ttl": 1593892800000.0, "items": [{"channelName": "OMX", "timestampKey": 1593885900000.0, "showName": "Dumplin'", "showImage": "N/a", "type": "Movies", "rate": 0, "channelLogo": "https://content.osn.com/logo/channel/cropped/OMX.png", "channel": "OMX", "ttl": 1593892800000.0, "description": "-", "startTime": 1593885900000.0, "endTime": 1593892800000.0, "frequency": "-", "duration": 6900000}, {"channelName": "OMX", "timestampKey": 1593892800000.0, "showName": "Maleficent: Mistress Of Evil", "showImage": "N/a", "type": "Movies", "rate": 0, "channelLogo": "https://content.osn.com/logo/channel/cropped/OMX.png", "channel": "OMX", "ttl": 1593900000000.0, "description": "-", "startTime": 1593892800000.0, "endTime": 1593900000000.0, "frequency": "-", "duration": 7200000}], "channelLogo": "https://content.osn.com/logo/channel/cropped/OMX.png", "channel": "OMX", "type2": "Movies"}, {"channelNameKey": "OMX", "timestampKey": 1593892800000.0, "startTime": 1593892800000.0, "endTime": 1593900000000.0, "type": "Movies", "rate": 0, "ttl": 1593900000000.0, "items": [{"channelName": "OMX", "timestampKey": 1593892800000.0, "showName": "Maleficent: Mistress Of Evil", "showImage": "N/a", "type": "Movies", "rate": 0, "channelLogo": "https://content.osn.com/logo/channel/cropped/OMX.png", "channel": "OMX", "ttl": 1593900000000.0, "description": "-", "startTime": 1593892800000.0, "endTime": 1593900000000.0, "frequency": "-", "duration": 7200000}, {"channelName": "OMX", "timestampKey": 1593900000000.0, "showName": "Official Secrets", "showImage": "N/a", "type": "Movies", "rate": 0, "channelLogo": "https://content.osn.com/logo/channel/cropped/OMX.png", "channel": "OMX", "ttl": 1593906900000.0, "description": "-", "startTime": 1593900000000.0, "endTime": 1593906900000.0, "frequency": "-", "duration": 6900000}], "channelLogo": "https://content.osn.com/logo/channel/cropped/OMX.png", "channel": "OMX", "type2": "Movies"}, {"channelNameKey": "OMX", "timestampKey": 1593900000000.0, "startTime": 1593900000000.0, "endTime": 1593906900000.0, "type": "Movies", "rate": 0, "ttl": 1593906900000.0, "items": [{"channelName": "OMX", "timestampKey": 1593900000000.0, "showName": "Official Secrets", "showImage": "N/a", "type": "Movies", "rate": 0, "channelLogo": "https://content.osn.com/logo/channel/cropped/OMX.png", "channel": "OMX", "ttl": 1593906900000.0, "description": "-", "startTime": 1593900000000.0, "endTime": 1593906900000.0, "frequency": "-", "duration": 6900000}, {"channelName": "OMX", "timestampKey": 1593906900000.0, "showName": "Anon", "showImage": "N/a", "type": "Movies", "rate": 0, "channelLogo": "https://content.osn.com/logo/channel/cropped/OMX.png", "channel": "OMX", "ttl": 1593913200000.0, "description": "-", "startTime": 1593906900000.0, "endTime": 1593913200000.0, "frequency": "-", "duration": 6300000}], "channelLogo": "https://content.osn.com/logo/channel/cropped/OMX.png", "channel": "OMX", "type2": "Movies"}, {"channelNameKey": "OMX", "timestampKey": 1593906900000.0, "startTime": 1593906900000.0, "endTime": 1593913200000.0, "type": "Movies", "rate": 0, "ttl": 1593913200000.0, "items": [{"channelName": "OMX", "timestampKey": 1593906900000.0, "showName": "Anon", "showImage": "N/a", "type": "Movies", "rate": 0, "channelLogo": "https://content.osn.com/logo/channel/cropped/OMX.png", "channel": "OMX", "ttl": 1593913200000.0, "description": "-", "startTime": 1593906900000.0, "endTime": 1593913200000.0, "frequency": "-", "duration": 6300000}], "channelLogo": "https://content.osn.com/logo/channel/cropped/OMX.png", "channel": "OMX", "type2": "Movies"}, {"channelNameKey": "AHD", "timestampKey": 1593854100000.0, "startTime": 1593854100000.0, "endTime": 1593861600000.0, "type": "Movies", "rate": 0, "ttl": 1593861600000.0, "items": [{"channelName": "AHD", "timestampKey": 1593854100000.0, "showName": "The Day After Tomorrow", "showImage": "N/a", "type": "Movies", "rate": 0, "channelLogo": "https://content.osn.com/logo/channel/cropped/AHD.png", "channel": "AHD", "ttl": 1593861600000.0, "description": "-", "startTime": 1593854100000.0, "endTime": 1593861600000.0, "frequency": "-", "duration": 7500000}, {"channelName": "AHD", "timestampKey": 1593861600000.0, "showName": "T-34", "showImage": "N/a", "type": "Movies", "rate": 0, "channelLogo": "https://content.osn.com/logo/channel/cropped/AHD.png", "channel": "AHD", "ttl": 1593868200000.0, "description": "-", "startTime": 1593861600000.0, "endTime": 1593868200000.0, "frequency": "-", "duration": 6600000}], "channelLogo": "https://content.osn.com/logo/channel/cropped/AHD.png", "channel": "AHD", "type2": "Movies"}, {"channelNameKey": "AHD", "timestampKey": 1593861600000.0, "startTime": 1593861600000.0, "endTime": 1593868200000.0, "type": "Movies", "rate": 0, "ttl": 1593868200000.0, "items": [{"channelName": "AHD", "timestampKey": 1593861600000.0, "showName": "T-34", "showImage": "N/a", "type": "Movies", "rate": 0, "channelLogo": "https://content.osn.com/logo/channel/cropped/AHD.png", "channel": "AHD", "ttl": 1593868200000.0, "description": "-", "startTime": 1593861600000.0, "endTime": 1593868200000.0, "frequency": "-", "duration": 6600000}, {"channelName": "AHD", "timestampKey": 1593868200000.0, "showName": "L.O.R.D. Legend Of Ravaging Dynasties", "showImage": "N/a", "type": "Movies", "rate": 0, "channelLogo": "https://content.osn.com/logo/channel/cropped/AHD.png", "channel": "AHD", "ttl": 1593875100000.0, "description": "-", "startTime": 1593868200000.0, "endTime": 1593875100000.0, "frequency": "-", "duration": 6900000}], "channelLogo": "https://content.osn.com/logo/channel/cropped/AHD.png", "channel": "AHD", "type2": "Movies"}, {"channelNameKey": "AHD", "timestampKey": 1593868200000.0, "startTime": 1593868200000.0, "endTime": 1593875100000.0, "type": "Movies", "rate": 0, "ttl": 1593875100000.0, "items": [{"channelName": "AHD", "timestampKey": 1593868200000.0, "showName": "L.O.R.D. Legend Of Ravaging Dynasties", "showImage": "N/a", "type": "Movies", "rate": 0, "channelLogo": "https://content.osn.com/logo/channel/cropped/AHD.png", "channel": "AHD", "ttl": 1593875100000.0, "description": "-", "startTime": 1593868200000.0, "endTime": 1593875100000.0, "frequency": "-", "duration": 6900000}, {"channelName": "AHD", "timestampKey": 1593875100000.0, "showName": "The Black Stallion", "showImage": "N/a", "type": "Movies", "rate": 0, "channelLogo": "https://content.osn.com/logo/channel/cropped/AHD.png", "channel": "AHD", "ttl": 1593882000000.0, "description": "-", "startTime": 1593875100000.0, "endTime": 1593882000000.0, "frequency": "-", "duration": 6900000}], "channelLogo": "https://content.osn.com/logo/channel/cropped/AHD.png", "channel": "AHD", "type2": "Movies"}, {"channelNameKey": "AHD", "timestampKey": 1593875100000.0, "startTime": 1593875100000.0, "endTime": 1593882000000.0, "type": "Movies", "rate": 0, "ttl": 1593882000000.0, "items": [{"channelName": "AHD", "timestampKey": 1593875100000.0, "showName": "The Black Stallion", "showImage": "N/a", "type": "Movies", "rate": 0, "channelLogo": "https://content.osn.com/logo/channel/cropped/AHD.png", "channel": "AHD", "ttl": 1593882000000.0, "description": "-", "startTime": 1593875100000.0, "endTime": 1593882000000.0, "frequency": "-", "duration": 6900000}, {"channelName": "AHD", "timestampKey": 1593882000000.0, "showName": "The Book Of Eli", "showImage": "N/a", "type": "Movies", "rate": 0, "channelLogo": "https://content.osn.com/logo/channel/cropped/AHD.png", "channel": "AHD", "ttl": 1593889200000.0, "description": "-", "startTime": 1593882000000.0, "endTime": 1593889200000.0, "frequency": "-", "duration": 7200000}], "channelLogo": "https://content.osn.com/logo/channel/cropped/AHD.png", "channel": "AHD", "type2": "Movies"}, {"channelNameKey": "AHD", "timestampKey": 1593882000000.0, "startTime": 1593882000000.0, "endTime": 1593889200000.0, "type": "Movies", "rate": 0, "ttl": 1593889200000.0, "items": [{"channelName": "AHD", "timestampKey": 1593882000000.0, "showName": "The Book Of Eli", "showImage": "N/a", "type": "Movies", "rate": 0, "channelLogo": "https://content.osn.com/logo/channel/cropped/AHD.png", "channel": "AHD", "ttl": 1593889200000.0, "description": "-", "startTime": 1593882000000.0, "endTime": 1593889200000.0, "frequency": "-", "duration": 7200000}, {"channelName": "AHD", "timestampKey": 1593889200000.0, "showName": "Saint Seiya: Lost Canvas", "showImage": "N/a", "type": "Movies", "rate": 0, "channelLogo": "https://content.osn.com/logo/channel/cropped/AHD.png", "channel": "AHD", "ttl": 1593891000000.0, "description": "-", "startTime": 1593889200000.0, "endTime": 1593891000000.0, "frequency": "-", "duration": 1800000}], "channelLogo": "https://content.osn.com/logo/channel/cropped/AHD.png", "channel": "AHD", "type2": "Movies"}, {"channelNameKey": "AHD", "timestampKey": 1593889200000.0, "startTime": 1593889200000.0, "endTime": 1593891000000.0, "type": "Movies", "rate": 0, "ttl": 1593891000000.0, "items": [{"channelName": "AHD", "timestampKey": 1593889200000.0, "showName": "Saint Seiya: Lost Canvas", "showImage": "N/a", "type": "Movies", "rate": 0, "channelLogo": "https://content.osn.com/logo/channel/cropped/AHD.png", "channel": "AHD", "ttl": 1593891000000.0, "description": "-", "startTime": 1593889200000.0, "endTime": 1593891000000.0, "frequency": "-", "duration": 1800000}, {"channelName": "AHD", "timestampKey": 1593891000000.0, "showName": "Saint Seiya: Lost Canvas", "showImage": "N/a", "type": "Movies", "rate": 0, "channelLogo": "https://content.osn.com/logo/channel/cropped/AHD.png", "channel": "AHD", "ttl": 1593892800000.0, "description": "-", "startTime": 1593891000000.0, "endTime": 1593892800000.0, "frequency": "-", "duration": 1800000}], "channelLogo": "https://content.osn.com/logo/channel/cropped/AHD.png", "channel": "AHD", "type2": "Movies"}, {"channelNameKey": "AHD", "timestampKey": 1593891000000.0, "startTime": 1593891000000.0, "endTime": 1593892800000.0, "type": "Movies", "rate": 0, "ttl": 1593892800000.0, "items": [{"channelName": "AHD", "timestampKey": 1593891000000.0, "showName": "Saint Seiya: Lost Canvas", "showImage": "N/a", "type": "Movies", "rate": 0, "channelLogo": "https://content.osn.com/logo/channel/cropped/AHD.png", "channel": "AHD", "ttl": 1593892800000.0, "description": "-", "startTime": 1593891000000.0, "endTime": 1593892800000.0, "frequency": "-", "duration": 1800000}, {"channelName": "AHD", "timestampKey": 1593892800000.0, "showName": "Tokyo Ghoul", "showImage": "N/a", "type": "Movies", "rate": 0, "channelLogo": "https://content.osn.com/logo/channel/cropped/AHD.png", "channel": "AHD", "ttl": 1593894600000.0, "description": "-", "startTime": 1593892800000.0, "endTime": 1593894600000.0, "frequency": "-", "duration": 1800000}], "channelLogo": "https://content.osn.com/logo/channel/cropped/AHD.png", "channel": "AHD", "type2": "Movies"}, {"channelNameKey": "AHD", "timestampKey": 1593892800000.0, "startTime": 1593892800000.0, "endTime": 1593894600000.0, "type": "Movies", "rate": 0, "ttl": 1593894600000.0, "items": [{"channelName": "AHD", "timestampKey": 1593892800000.0, "showName": "Tokyo Ghoul", "showImage": "N/a", "type": "Movies", "rate": 0, "channelLogo": "https://content.osn.com/logo/channel/cropped/AHD.png", "channel": "AHD", "ttl": 1593894600000.0, "description": "-", "startTime": 1593892800000.0, "endTime": 1593894600000.0, "frequency": "-", "duration": 1800000}, {"channelName": "AHD", "timestampKey": 1593894600000.0, "showName": "Tokyo Ghoul", "showImage": "N/a", "type": "Movies", "rate": 0, "channelLogo": "https://content.osn.com/logo/channel/cropped/AHD.png", "channel": "AHD", "ttl": 1593896400000.0, "description": "-", "startTime": 1593894600000.0, "endTime": 1593896400000.0, "frequency": "-", "duration": 1800000}], "channelLogo": "https://content.osn.com/logo/channel/cropped/AHD.png", "channel": "AHD", "type2": "Movies"}, {"channelNameKey": "AHD", "timestampKey": 1593894600000.0, "startTime": 1593894600000.0, "endTime": 1593896400000.0, "type": "Movies", "rate": 0, "ttl": 1593896400000.0, "items": [{"channelName": "AHD", "timestampKey": 1593894600000.0, "showName": "Tokyo Ghoul", "showImage": "N/a", "type": "Movies", "rate": 0, "channelLogo": "https://content.osn.com/logo/channel/cropped/AHD.png", "channel": "AHD", "ttl": 1593896400000.0, "description": "-", "startTime": 1593894600000.0, "endTime": 1593896400000.0, "frequency": "-", "duration": 1800000}, {"channelName": "AHD", "timestampKey": 1593896400000.0, "showName": "Double Impact", "showImage": "N/a", "type": "Movies", "rate": 0, "channelLogo": "https://content.osn.com/logo/channel/cropped/AHD.png", "channel": "AHD", "ttl": 1593903300000.0, "description": "-", "startTime": 1593896400000.0, "endTime": 1593903300000.0, "frequency": "-", "duration": 6900000}], "channelLogo": "https://content.osn.com/logo/channel/cropped/AHD.png", "channel": "AHD", "type2": "Movies"}, {"channelNameKey": "AHD", "timestampKey": 1593896400000.0, "startTime": 1593896400000.0, "endTime": 1593903300000.0, "type": "Movies", "rate": 0, "ttl": 1593903300000.0, "items": [{"channelName": "AHD", "timestampKey": 1593896400000.0, "showName": "Double Impact", "showImage": "N/a", "type": "Movies", "rate": 0, "channelLogo": "https://content.osn.com/logo/channel/cropped/AHD.png", "channel": "AHD", "ttl": 1593903300000.0, "description": "-", "startTime": 1593896400000.0, "endTime": 1593903300000.0, "frequency": "-", "duration": 6900000}, {"channelName": "AHD", "timestampKey": 1593903300000.0, "showName": "Asher", "showImage": "N/a", "type": "Movies", "rate": 0, "channelLogo": "https://content.osn.com/logo/channel/cropped/AHD.png", "channel": "AHD", "ttl": 1593910200000.0, "description": "-", "startTime": 1593903300000.0, "endTime": 1593910200000.0, "frequency": "-", "duration": 6900000}], "channelLogo": "https://content.osn.com/logo/channel/cropped/AHD.png", "channel": "AHD", "type2": "Movies"}, {"channelNameKey": "AHD", "timestampKey": 1593903300000.0, "startTime": 1593903300000.0, "endTime": 1593910200000.0, "type": "Movies", "rate": 0, "ttl": 1593910200000.0, "items": [{"channelName": "AHD", "timestampKey": 1593903300000.0, "showName": "Asher", "showImage": "N/a", "type": "Movies", "rate": 0, "channelLogo": "https://content.osn.com/logo/channel/cropped/AHD.png", "channel": "AHD", "ttl": 1593910200000.0, "description": "-", "startTime": 1593903300000.0, "endTime": 1593910200000.0, "frequency": "-", "duration": 6900000}], "channelLogo": "https://content.osn.com/logo/channel/cropped/AHD.png", "channel": "AHD", "type2": "Movies"}, {"channelNameKey": "OPR", "timestampKey": 1593849600000.0, "startTime": 1593849600000.0, "endTime": 1593856800000.0, "type": "Movies", "rate": 0, "ttl": 1593856800000.0, "items": [{"channelName": "OPR", "timestampKey": 1593849600000.0, "showName": "Jack", "showImage": "N/a", "type": "Movies", "rate": 0, "channelLogo": "https://content.osn.com/logo/channel/cropped/OPR.png", "channel": "OPR", "ttl": 1593856800000.0, "description": "-", "startTime": 1593849600000.0, "endTime": 1593856800000.0, "frequency": "-", "duration": 7200000}, {"channelName": "OPR", "timestampKey": 1593856800000.0, "showName": "Drillbit Taylor", "showImage": "N/a", "type": "Movies", "rate": 0, "channelLogo": "https://content.osn.com/logo/channel/cropped/OPR.png", "channel": "OPR", "ttl": 1593864000000.0, "description": "-", "startTime": 1593856800000.0, "endTime": 1593864000000.0, "frequency": "-", "duration": 7200000}], "channelLogo": "https://content.osn.com/logo/channel/cropped/OPR.png", "channel": "OPR", "type2": "Movies"}, {"channelNameKey": "OPR", "timestampKey": 1593856800000.0, "startTime": 1593856800000.0, "endTime": 1593864000000.0, "type": "Movies", "rate": 0, "ttl": 1593864000000.0, "items": [{"channelName": "OPR", "timestampKey": 1593856800000.0, "showName": "Drillbit Taylor", "showImage": "N/a", "type": "Movies", "rate": 0, "channelLogo": "https://content.osn.com/logo/channel/cropped/OPR.png", "channel": "OPR", "ttl": 1593864000000.0, "description": "-", "startTime": 1593856800000.0, "endTime": 1593864000000.0, "frequency": "-", "duration": 7200000}, {"channelName": "OPR", "timestampKey": 1593864000000.0, "showName": "Madison", "showImage": "N/a", "type": "Movies", "rate": 0, "channelLogo": "https://content.osn.com/logo/channel/cropped/OPR.png", "channel": "OPR", "ttl": 1593870300000.0, "description": "-", "startTime": 1593864000000.0, "endTime": 1593870300000.0, "frequency": "-", "duration": 6300000}], "channelLogo": "https://content.osn.com/logo/channel/cropped/OPR.png", "channel": "OPR", "type2": "Movies"}, {"channelNameKey": "OPR", "timestampKey": 1593864000000.0, "startTime": 1593864000000.0, "endTime": 1593870300000.0, "type": "Movies", "rate": 0, "ttl": 1593870300000.0, "items": [{"channelName": "OPR", "timestampKey": 1593864000000.0, "showName": "Madison", "showImage": "N/a", "type": "Movies", "rate": 0, "channelLogo": "https://content.osn.com/logo/channel/cropped/OPR.png", "channel": "OPR", "ttl": 1593870300000.0, "description": "-", "startTime": 1593864000000.0, "endTime": 1593870300000.0, "frequency": "-", "duration": 6300000}, {"channelName": "OPR", "timestampKey": 1593870300000.0, "showName": "Getting Grace", "showImage": "N/a", "type": "Movies", "rate": 0, "channelLogo": "https://content.osn.com/logo/channel/cropped/OPR.png", "channel": "OPR", "ttl": 1593877500000.0, "description": "-", "startTime": 1593870300000.0, "endTime": 1593877500000.0, "frequency": "-", "duration": 7200000}], "channelLogo": "https://content.osn.com/logo/channel/cropped/OPR.png", "channel": "OPR", "type2": "Movies"}, {"channelNameKey": "OPR", "timestampKey": 1593870300000.0, "startTime": 1593870300000.0, "endTime": 1593877500000.0, "type": "Movies", "rate": 0, "ttl": 1593877500000.0, "items": [{"channelName": "OPR", "timestampKey": 1593870300000.0, "showName": "Getting Grace", "showImage": "N/a", "type": "Movies", "rate": 0, "channelLogo": "https://content.osn.com/logo/channel/cropped/OPR.png", "channel": "OPR", "ttl": 1593877500000.0, "description": "-", "startTime": 1593870300000.0, "endTime": 1593877500000.0, "frequency": "-", "duration": 7200000}, {"channelName": "OPR", "timestampKey": 1593877500000.0, "showName": "The Spy Who Dumped Me", "showImage": "N/a", "type": "Movies", "rate": 0, "channelLogo": "https://content.osn.com/logo/channel/cropped/OPR.png", "channel": "OPR", "ttl": 1593884700000.0, "description": "-", "startTime": 1593877500000.0, "endTime": 1593884700000.0, "frequency": "-", "duration": 7200000}], "channelLogo": "https://content.osn.com/logo/channel/cropped/OPR.png", "channel": "OPR", "type2": "Movies"}, {"channelNameKey": "OPR", "timestampKey": 1593877500000.0, "startTime": 1593877500000.0, "endTime": 1593884700000.0, "type": "Movies", "rate": 0, "ttl": 1593884700000.0, "items": [{"channelName": "OPR", "timestampKey": 1593877500000.0, "showName": "The Spy Who Dumped Me", "showImage": "N/a", "type": "Movies", "rate": 0, "channelLogo": "https://content.osn.com/logo/channel/cropped/OPR.png", "channel": "OPR", "ttl": 1593884700000.0, "description": "-", "startTime": 1593877500000.0, "endTime": 1593884700000.0, "frequency": "-", "duration": 7200000}, {"channelName": "OPR", "timestampKey": 1593884700000.0, "showName": "Indian Summer", "showImage": "N/a", "type": "Movies", "rate": 0, "channelLogo": "https://content.osn.com/logo/channel/cropped/OPR.png", "channel": "OPR", "ttl": 1593891000000.0, "description": "-", "startTime": 1593884700000.0, "endTime": 1593891000000.0, "frequency": "-", "duration": 6300000}], "channelLogo": "https://content.osn.com/logo/channel/cropped/OPR.png", "channel": "OPR", "type2": "Movies"}, {"channelNameKey": "OPR", "timestampKey": 1593884700000.0, "startTime": 1593884700000.0, "endTime": 1593891000000.0, "type": "Movies", "rate": 0, "ttl": 1593891000000.0, "items": [{"channelName": "OPR", "timestampKey": 1593884700000.0, "showName": "Indian Summer", "showImage": "N/a", "type": "Movies", "rate": 0, "channelLogo": "https://content.osn.com/logo/channel/cropped/OPR.png", "channel": "OPR", "ttl": 1593891000000.0, "description": "-", "startTime": 1593884700000.0, "endTime": 1593891000000.0, "frequency": "-", "duration": 6300000}, {"channelName": "OPR", "timestampKey": 1593891000000.0, "showName": "Get On Up", "showImage": "N/a", "type": "Movies", "rate": 0, "channelLogo": "https://content.osn.com/logo/channel/cropped/OPR.png", "channel": "OPR", "ttl": 1593899400000.0, "description": "-", "startTime": 1593891000000.0, "endTime": 1593899400000.0, "frequency": "-", "duration": 8400000}], "channelLogo": "https://content.osn.com/logo/channel/cropped/OPR.png", "channel": "OPR", "type2": "Movies"}, {"channelNameKey": "OPR", "timestampKey": 1593891000000.0, "startTime": 1593891000000.0, "endTime": 1593899400000.0, "type": "Movies", "rate": 0, "ttl": 1593899400000.0, "items": [{"channelName": "OPR", "timestampKey": 1593891000000.0, "showName": "Get On Up", "showImage": "N/a", "type": "Movies", "rate": 0, "channelLogo": "https://content.osn.com/logo/channel/cropped/OPR.png", "channel": "OPR", "ttl": 1593899400000.0, "description": "-", "startTime": 1593891000000.0, "endTime": 1593899400000.0, "frequency": "-", "duration": 8400000}, {"channelName": "OPR", "timestampKey": 1593899400000.0, "showName": "Flawless", "showImage": "N/a", "type": "Movies", "rate": 0, "channelLogo": "https://content.osn.com/logo/channel/cropped/OPR.png", "channel": "OPR", "ttl": 1593906600000.0, "description": "-", "startTime": 1593899400000.0, "endTime": 1593906600000.0, "frequency": "-", "duration": 7200000}], "channelLogo": "https://content.osn.com/logo/channel/cropped/OPR.png", "channel": "OPR", "type2": "Movies"}, {"channelNameKey": "OPR", "timestampKey": 1593899400000.0, "startTime": 1593899400000.0, "endTime": 1593906600000.0, "type": "Movies", "rate": 0, "ttl": 1593906600000.0, "items": [{"channelName": "OPR", "timestampKey": 1593899400000.0, "showName": "Flawless", "showImage": "N/a", "type": "Movies", "rate": 0, "channelLogo": "https://content.osn.com/logo/channel/cropped/OPR.png", "channel": "OPR", "ttl": 1593906600000.0, "description": "-", "startTime": 1593899400000.0, "endTime": 1593906600000.0, "frequency": "-", "duration": 7200000}, {"channelName": "OPR", "timestampKey": 1593906600000.0, "showName": "For A Good Time, Call", "showImage": "N/a", "type": "Movies", "rate": 0, "channelLogo": "https://content.osn.com/logo/channel/cropped/OPR.png", "channel": "OPR", "ttl": 1593912000000.0, "description": "-", "startTime": 1593906600000.0, "endTime": 1593912000000.0, "frequency": "-", "duration": 5400000}], "channelLogo": "https://content.osn.com/logo/channel/cropped/OPR.png", "channel": "OPR", "type2": "Movies"}, {"channelNameKey": "OPR", "timestampKey": 1593906600000.0, "startTime": 1593906600000.0, "endTime": 1593912000000.0, "type": "Movies", "rate": 0, "ttl": 1593912000000.0, "items": [{"channelName": "OPR", "timestampKey": 1593906600000.0, "showName": "For A Good Time, Call", "showImage": "N/a", "type": "Movies", "rate": 0, "channelLogo": "https://content.osn.com/logo/channel/cropped/OPR.png", "channel": "OPR", "ttl": 1593912000000.0, "description": "-", "startTime": 1593906600000.0, "endTime": 1593912000000.0, "frequency": "-", "duration": 5400000}], "channelLogo": "https://content.osn.com/logo/channel/cropped/OPR.png", "channel": "OPR", "type2": "Movies"}, {"channelNameKey": "OCM", "timestampKey": 1593855900000.0, "startTime": 1593855900000.0, "endTime": 1593862800000.0, "type": "Movies", "rate": 0, "ttl": 1593862800000.0, "items": [{"channelName": "OCM", "timestampKey": 1593855900000.0, "showName": "A Home Of Our Own", "showImage": "N/a", "type": "Movies", "rate": 0, "channelLogo": "https://content.osn.com/logo/channel/cropped/OCM.png", "channel": "OCM", "ttl": 1593862800000.0, "description": "-", "startTime": 1593855900000.0, "endTime": 1593862800000.0, "frequency": "-", "duration": 6900000}, {"channelName": "OCM", "timestampKey": 1593862800000.0, "showName": "I.Q.", "showImage": "N/a", "type": "Movies", "rate": 0, "channelLogo": "https://content.osn.com/logo/channel/cropped/OCM.png", "channel": "OCM", "ttl": 1593869400000.0, "description": "-", "startTime": 1593862800000.0, "endTime": 1593869400000.0, "frequency": "-", "duration": 6600000}], "channelLogo": "https://content.osn.com/logo/channel/cropped/OCM.png", "channel": "OCM", "type2": "Movies"}, {"channelNameKey": "OCM", "timestampKey": 1593862800000.0, "startTime": 1593862800000.0, "endTime": 1593869400000.0, "type": "Movies", "rate": 0, "ttl": 1593869400000.0, "items": [{"channelName": "OCM", "timestampKey": 1593862800000.0, "showName": "I.Q.", "showImage": "N/a", "type": "Movies", "rate": 0, "channelLogo": "https://content.osn.com/logo/channel/cropped/OCM.png", "channel": "OCM", "ttl": 1593869400000.0, "description": "-", "startTime": 1593862800000.0, "endTime": 1593869400000.0, "frequency": "-", "duration": 6600000}, {"channelName": "OCM", "timestampKey": 1593869400000.0, "showName": "Letters To Juliet", "showImage": "N/a", "type": "Movies", "rate": 0, "channelLogo": "https://content.osn.com/logo/channel/cropped/OCM.png", "channel": "OCM", "ttl": 1593876600000.0, "description": "-", "startTime": 1593869400000.0, "endTime": 1593876600000.0, "frequency": "-", "duration": 7200000}], "channelLogo": "https://content.osn.com/logo/channel/cropped/OCM.png", "channel": "OCM", "type2": "Movies"}, {"channelNameKey": "OCM", "timestampKey": 1593869400000.0, "startTime": 1593869400000.0, "endTime": 1593876600000.0, "type": "Movies", "rate": 0, "ttl": 1593876600000.0, "items": [{"channelName": "OCM", "timestampKey": 1593869400000.0, "showName": "Letters To Juliet", "showImage": "N/a", "type": "Movies", "rate": 0, "channelLogo": "https://content.osn.com/logo/channel/cropped/OCM.png", "channel": "OCM", "ttl": 1593876600000.0, "description": "-", "startTime": 1593869400000.0, "endTime": 1593876600000.0, "frequency": "-", "duration": 7200000}, {"channelName": "OCM", "timestampKey": 1593876600000.0, "showName": "Mrs. Harris", "showImage": "N/a", "type": "Movies", "rate": 0, "channelLogo": "https://content.osn.com/logo/channel/cropped/OCM.png", "channel": "OCM", "ttl": 1593882900000.0, "description": "-", "startTime": 1593876600000.0, "endTime": 1593882900000.0, "frequency": "-", "duration": 6300000}], "channelLogo": "https://content.osn.com/logo/channel/cropped/OCM.png", "channel": "OCM", "type2": "Movies"}, {"channelNameKey": "OCM", "timestampKey": 1593876600000.0, "startTime": 1593876600000.0, "endTime": 1593882900000.0, "type": "Movies", "rate": 0, "ttl": 1593882900000.0, "items": [{"channelName": "OCM", "timestampKey": 1593876600000.0, "showName": "Mrs. Harris", "showImage": "N/a", "type": "Movies", "rate": 0, "channelLogo": "https://content.osn.com/logo/channel/cropped/OCM.png", "channel": "OCM", "ttl": 1593882900000.0, "description": "-", "startTime": 1593876600000.0, "endTime": 1593882900000.0, "frequency": "-", "duration": 6300000}, {"channelName": "OCM", "timestampKey": 1593882900000.0, "showName": "This Beautiful Fantastic", "showImage": "N/a", "type": "Movies", "rate": 0, "channelLogo": "https://content.osn.com/logo/channel/cropped/OCM.png", "channel": "OCM", "ttl": 1593889200000.0, "description": "-", "startTime": 1593882900000.0, "endTime": 1593889200000.0, "frequency": "-", "duration": 6300000}], "channelLogo": "https://content.osn.com/logo/channel/cropped/OCM.png", "channel": "OCM", "type2": "Movies"}, {"channelNameKey": "OCM", "timestampKey": 1593882900000.0, "startTime": 1593882900000.0, "endTime": 1593889200000.0, "type": "Movies", "rate": 0, "ttl": 1593889200000.0, "items": [{"channelName": "OCM", "timestampKey": 1593882900000.0, "showName": "This Beautiful Fantastic", "showImage": "N/a", "type": "Movies", "rate": 0, "channelLogo": "https://content.osn.com/logo/channel/cropped/OCM.png", "channel": "OCM", "ttl": 1593889200000.0, "description": "-", "startTime": 1593882900000.0, "endTime": 1593889200000.0, "frequency": "-", "duration": 6300000}, {"channelName": "OCM", "timestampKey": 1593889200000.0, "showName": "Dangerous Minds", "showImage": "N/a", "type": "Movies", "rate": 0, "channelLogo": "https://content.osn.com/logo/channel/cropped/OCM.png", "channel": "OCM", "ttl": 1593895500000.0, "description": "-", "startTime": 1593889200000.0, "endTime": 1593895500000.0, "frequency": "-", "duration": 6300000}], "channelLogo": "https://content.osn.com/logo/channel/cropped/OCM.png", "channel": "OCM", "type2": "Movies"}, {"channelNameKey": "OCM", "timestampKey": 1593889200000.0, "startTime": 1593889200000.0, "endTime": 1593895500000.0, "type": "Movies", "rate": 0, "ttl": 1593895500000.0, "items": [{"channelName": "OCM", "timestampKey": 1593889200000.0, "showName": "Dangerous Minds", "showImage": "N/a", "type": "Movies", "rate": 0, "channelLogo": "https://content.osn.com/logo/channel/cropped/OCM.png", "channel": "OCM", "ttl": 1593895500000.0, "description": "-", "startTime": 1593889200000.0, "endTime": 1593895500000.0, "frequency": "-", "duration": 6300000}, {"channelName": "OCM", "timestampKey": 1593895500000.0, "showName": "Obsessed", "showImage": "N/a", "type": "Movies", "rate": 0, "channelLogo": "https://content.osn.com/logo/channel/cropped/OCM.png", "channel": "OCM", "ttl": 1593902100000.0, "description": "-", "startTime": 1593895500000.0, "endTime": 1593902100000.0, "frequency": "-", "duration": 6600000}], "channelLogo": "https://content.osn.com/logo/channel/cropped/OCM.png", "channel": "OCM", "type2": "Movies"}, {"channelNameKey": "OCM", "timestampKey": 1593895500000.0, "startTime": 1593895500000.0, "endTime": 1593902100000.0, "type": "Movies", "rate": 0, "ttl": 1593902100000.0, "items": [{"channelName": "OCM", "timestampKey": 1593895500000.0, "showName": "Obsessed", "showImage": "N/a", "type": "Movies", "rate": 0, "channelLogo": "https://content.osn.com/logo/channel/cropped/OCM.png", "channel": "OCM", "ttl": 1593902100000.0, "description": "-", "startTime": 1593895500000.0, "endTime": 1593902100000.0, "frequency": "-", "duration": 6600000}, {"channelName": "OCM", "timestampKey": 1593902100000.0, "showName": "Albino Alligator", "showImage": "N/a", "type": "Movies", "rate": 0, "channelLogo": "https://content.osn.com/logo/channel/cropped/OCM.png", "channel": "OCM", "ttl": 1593908400000.0, "description": "-", "startTime": 1593902100000.0, "endTime": 1593908400000.0, "frequency": "-", "duration": 6300000}], "channelLogo": "https://content.osn.com/logo/channel/cropped/OCM.png", "channel": "OCM", "type2": "Movies"}, {"channelNameKey": "OCM", "timestampKey": 1593902100000.0, "startTime": 1593902100000.0, "endTime": 1593908400000.0, "type": "Movies", "rate": 0, "ttl": 1593908400000.0, "items": [{"channelName": "OCM", "timestampKey": 1593902100000.0, "showName": "Albino Alligator", "showImage": "N/a", "type": "Movies", "rate": 0, "channelLogo": "https://content.osn.com/logo/channel/cropped/OCM.png", "channel": "OCM", "ttl": 1593908400000.0, "description": "-", "startTime": 1593902100000.0, "endTime": 1593908400000.0, "frequency": "-", "duration": 6300000}], "channelLogo": "https://content.osn.com/logo/channel/cropped/OCM.png", "channel": "OCM", "type2": "Movies"}, {"channelNameKey": "OMK", "timestampKey": 1593853500000.0, "startTime": 1593853500000.0, "endTime": 1593858000000.0, "type": "Movies", "rate": 0, "ttl": 1593858000000.0, "items": [{"channelName": "OMK", "timestampKey": 1593853500000.0, "showName": "The Fairy Tales Tree", "showImage": "N/a", "type": "Movies", "rate": 0, "channelLogo": "https://content.osn.com/logo/channel/cropped/OMK.png", "channel": "OMK", "ttl": 1593858000000.0, "description": "-", "startTime": 1593853500000.0, "endTime": 1593858000000.0, "frequency": "-", "duration": 4500000}, {"channelName": "OMK", "timestampKey": 1593858000000.0, "showName": "Micropolis", "showImage": "N/a", "type": "Movies", "rate": 0, "channelLogo": "https://content.osn.com/logo/channel/cropped/OMK.png", "channel": "OMK", "ttl": 1593863100000.0, "description": "-", "startTime": 1593858000000.0, "endTime": 1593863100000.0, "frequency": "-", "duration": 5100000}], "channelLogo": "https://content.osn.com/logo/channel/cropped/OMK.png", "channel": "OMK", "type2": "Movies"}, {"channelNameKey": "OMK", "timestampKey": 1593858000000.0, "startTime": 1593858000000.0, "endTime": 1593863100000.0, "type": "Movies", "rate": 0, "ttl": 1593863100000.0, "items": [{"channelName": "OMK", "timestampKey": 1593858000000.0, "showName": "Micropolis", "showImage": "N/a", "type": "Movies", "rate": 0, "channelLogo": "https://content.osn.com/logo/channel/cropped/OMK.png", "channel": "OMK", "ttl": 1593863100000.0, "description": "-", "startTime": 1593858000000.0, "endTime": 1593863100000.0, "frequency": "-", "duration": 5100000}, {"channelName": "OMK", "timestampKey": 1593863100000.0, "showName": "Operation Arctic", "showImage": "N/a", "type": "Movies", "rate": 0, "channelLogo": "https://content.osn.com/logo/channel/cropped/OMK.png", "channel": "OMK", "ttl": 1593868500000.0, "description": "-", "startTime": 1593863100000.0, "endTime": 1593868500000.0, "frequency": "-", "duration": 5400000}], "channelLogo": "https://content.osn.com/logo/channel/cropped/OMK.png", "channel": "OMK", "type2": "Movies"}, {"channelNameKey": "OMK", "timestampKey": 1593863100000.0, "startTime": 1593863100000.0, "endTime": 1593868500000.0, "type": "Movies", "rate": 0, "ttl": 1593868500000.0, "items": [{"channelName": "OMK", "timestampKey": 1593863100000.0, "showName": "Operation Arctic", "showImage": "N/a", "type": "Movies", "rate": 0, "channelLogo": "https://content.osn.com/logo/channel/cropped/OMK.png", "channel": "OMK", "ttl": 1593868500000.0, "description": "-", "startTime": 1593863100000.0, "endTime": 1593868500000.0, "frequency": "-", "duration": 5400000}, {"channelName": "OMK", "timestampKey": 1593868500000.0, "showName": "Legend Of The Sea", "showImage": "N/a", "type": "Movies", "rate": 0, "channelLogo": "https://content.osn.com/logo/channel/cropped/OMK.png", "channel": "OMK", "ttl": 1593873300000.0, "description": "-", "startTime": 1593868500000.0, "endTime": 1593873300000.0, "frequency": "-", "duration": 4800000}], "channelLogo": "https://content.osn.com/logo/channel/cropped/OMK.png", "channel": "OMK", "type2": "Movies"}, {"channelNameKey": "OMK", "timestampKey": 1593868500000.0, "startTime": 1593868500000.0, "endTime": 1593873300000.0, "type": "Movies", "rate": 0, "ttl": 1593873300000.0, "items": [{"channelName": "OMK", "timestampKey": 1593868500000.0, "showName": "Legend Of The Sea", "showImage": "N/a", "type": "Movies", "rate": 0, "channelLogo": "https://content.osn.com/logo/channel/cropped/OMK.png", "channel": "OMK", "ttl": 1593873300000.0, "description": "-", "startTime": 1593868500000.0, "endTime": 1593873300000.0, "frequency": "-", "duration": 4800000}, {"channelName": "OMK", "timestampKey": 1593873300000.0, "showName": "The Secret Of Kells", "showImage": "N/a", "type": "Movies", "rate": 0, "channelLogo": "https://content.osn.com/logo/channel/cropped/OMK.png", "channel": "OMK", "ttl": 1593878700000.0, "description": "-", "startTime": 1593873300000.0, "endTime": 1593878700000.0, "frequency": "-", "duration": 5400000}], "channelLogo": "https://content.osn.com/logo/channel/cropped/OMK.png", "channel": "OMK", "type2": "Movies"}, {"channelNameKey": "OMK", "timestampKey": 1593873300000.0, "startTime": 1593873300000.0, "endTime": 1593878700000.0, "type": "Movies", "rate": 0, "ttl": 1593878700000.0, "items": [{"channelName": "OMK", "timestampKey": 1593873300000.0, "showName": "The Secret Of Kells", "showImage": "N/a", "type": "Movies", "rate": 0, "channelLogo": "https://content.osn.com/logo/channel/cropped/OMK.png", "channel": "OMK", "ttl": 1593878700000.0, "description": "-", "startTime": 1593873300000.0, "endTime": 1593878700000.0, "frequency": "-", "duration": 5400000}, {"channelName": "OMK", "timestampKey": 1593878700000.0, "showName": "The Apple & The Worm", "showImage": "N/a", "type": "Movies", "rate": 0, "channelLogo": "https://content.osn.com/logo/channel/cropped/OMK.png", "channel": "OMK", "ttl": 1593883800000.0, "description": "-", "startTime": 1593878700000.0, "endTime": 1593883800000.0, "frequency": "-", "duration": 5100000}], "channelLogo": "https://content.osn.com/logo/channel/cropped/OMK.png", "channel": "OMK", "type2": "Movies"}, {"channelNameKey": "OMK", "timestampKey": 1593878700000.0, "startTime": 1593878700000.0, "endTime": 1593883800000.0, "type": "Movies", "rate": 0, "ttl": 1593883800000.0, "items": [{"channelName": "OMK", "timestampKey": 1593878700000.0, "showName": "The Apple & The Worm", "showImage": "N/a", "type": "Movies", "rate": 0, "channelLogo": "https://content.osn.com/logo/channel/cropped/OMK.png", "channel": "OMK", "ttl": 1593883800000.0, "description": "-", "startTime": 1593878700000.0, "endTime": 1593883800000.0, "frequency": "-", "duration": 5100000}, {"channelName": "OMK", "timestampKey": 1593883800000.0, "showName": "The Great Bear", "showImage": "N/a", "type": "Movies", "rate": 0, "channelLogo": "https://content.osn.com/logo/channel/cropped/OMK.png", "channel": "OMK", "ttl": 1593888900000.0, "description": "-", "startTime": 1593883800000.0, "endTime": 1593888900000.0, "frequency": "-", "duration": 5100000}], "channelLogo": "https://content.osn.com/logo/channel/cropped/OMK.png", "channel": "OMK", "type2": "Movies"}, {"channelNameKey": "OMK", "timestampKey": 1593883800000.0, "startTime": 1593883800000.0, "endTime": 1593888900000.0, "type": "Movies", "rate": 0, "ttl": 1593888900000.0, "items": [{"channelName": "OMK", "timestampKey": 1593883800000.0, "showName": "The Great Bear", "showImage": "N/a", "type": "Movies", "rate": 0, "channelLogo": "https://content.osn.com/logo/channel/cropped/OMK.png", "channel": "OMK", "ttl": 1593888900000.0, "description": "-", "startTime": 1593883800000.0, "endTime": 1593888900000.0, "frequency": "-", "duration": 5100000}, {"channelName": "OMK", "timestampKey": 1593888900000.0, "showName": "Memory Loss", "showImage": "N/a", "type": "Movies", "rate": 0, "channelLogo": "https://content.osn.com/logo/channel/cropped/OMK.png", "channel": "OMK", "ttl": 1593894300000.0, "description": "-", "startTime": 1593888900000.0, "endTime": 1593894300000.0, "frequency": "-", "duration": 5400000}], "channelLogo": "https://content.osn.com/logo/channel/cropped/OMK.png", "channel": "OMK", "type2": "Movies"}, {"channelNameKey": "OMK", "timestampKey": 1593888900000.0, "startTime": 1593888900000.0, "endTime": 1593894300000.0, "type": "Movies", "rate": 0, "ttl": 1593894300000.0, "items": [{"channelName": "OMK", "timestampKey": 1593888900000.0, "showName": "Memory Loss", "showImage": "N/a", "type": "Movies", "rate": 0, "channelLogo": "https://content.osn.com/logo/channel/cropped/OMK.png", "channel": "OMK", "ttl": 1593894300000.0, "description": "-", "startTime": 1593888900000.0, "endTime": 1593894300000.0, "frequency": "-", "duration": 5400000}, {"channelName": "OMK", "timestampKey": 1593894300000.0, "showName": "Legend Of The Sea", "showImage": "N/a", "type": "Movies", "rate": 0, "channelLogo": "https://content.osn.com/logo/channel/cropped/OMK.png", "channel": "OMK", "ttl": 1593899100000.0, "description": "-", "startTime": 1593894300000.0, "endTime": 1593899100000.0, "frequency": "-", "duration": 4800000}], "channelLogo": "https://content.osn.com/logo/channel/cropped/OMK.png", "channel": "OMK", "type2": "Movies"}, {"channelNameKey": "OMK", "timestampKey": 1593894300000.0, "startTime": 1593894300000.0, "endTime": 1593899100000.0, "type": "Movies", "rate": 0, "ttl": 1593899100000.0, "items": [{"channelName": "OMK", "timestampKey": 1593894300000.0, "showName": "Legend Of The Sea", "showImage": "N/a", "type": "Movies", "rate": 0, "channelLogo": "https://content.osn.com/logo/channel/cropped/OMK.png", "channel": "OMK", "ttl": 1593899100000.0, "description": "-", "startTime": 1593894300000.0, "endTime": 1593899100000.0, "frequency": "-", "duration": 4800000}, {"channelName": "OMK", "timestampKey": 1593899100000.0, "showName": "The Fairy Tales Tree", "showImage": "N/a", "type": "Movies", "rate": 0, "channelLogo": "https://content.osn.com/logo/channel/cropped/OMK.png", "channel": "OMK", "ttl": 1593903900000.0, "description": "-", "startTime": 1593899100000.0, "endTime": 1593903900000.0, "frequency": "-", "duration": 4800000}], "channelLogo": "https://content.osn.com/logo/channel/cropped/OMK.png", "channel": "OMK", "type2": "Movies"}, {"channelNameKey": "OMK", "timestampKey": 1593899100000.0, "startTime": 1593899100000.0, "endTime": 1593903900000.0, "type": "Movies", "rate": 0, "ttl": 1593903900000.0, "items": [{"channelName": "OMK", "timestampKey": 1593899100000.0, "showName": "The Fairy Tales Tree", "showImage": "N/a", "type": "Movies", "rate": 0, "channelLogo": "https://content.osn.com/logo/channel/cropped/OMK.png", "channel": "OMK", "ttl": 1593903900000.0, "description": "-", "startTime": 1593899100000.0, "endTime": 1593903900000.0, "frequency": "-", "duration": 4800000}, {"channelName": "OMK", "timestampKey": 1593903900000.0, "showName": "The Apple & The Worm", "showImage": "N/a", "type": "Movies", "rate": 0, "channelLogo": "https://content.osn.com/logo/channel/cropped/OMK.png", "channel": "OMK", "ttl": 1593909000000.0, "description": "-", "startTime": 1593903900000.0, "endTime": 1593909000000.0, "frequency": "-", "duration": 5100000}], "channelLogo": "https://content.osn.com/logo/channel/cropped/OMK.png", "channel": "OMK", "type2": "Movies"}, {"channelNameKey": "OMK", "timestampKey": 1593903900000.0, "startTime": 1593903900000.0, "endTime": 1593909000000.0, "type": "Movies", "rate": 0, "ttl": 1593909000000.0, "items": [{"channelName": "OMK", "timestampKey": 1593903900000.0, "showName": "The Apple & The Worm", "showImage": "N/a", "type": "Movies", "rate": 0, "channelLogo": "https://content.osn.com/logo/channel/cropped/OMK.png", "channel": "OMK", "ttl": 1593909000000.0, "description": "-", "startTime": 1593903900000.0, "endTime": 1593909000000.0, "frequency": "-", "duration": 5100000}], "channelLogo": "https://content.osn.com/logo/channel/cropped/OMK.png", "channel": "OMK", "type2": "Movies"}, {"channelNameKey": "OFM", "timestampKey": 1593849900000.0, "startTime": 1593849900000.0, "endTime": 1593855900000.0, "type": "Movies", "rate": 0, "ttl": 1593855900000.0, "items": [{"channelName": "OFM", "timestampKey": 1593849900000.0, "showName": "Strange Magic", "showImage": "N/a", "type": "Movies", "rate": 0, "channelLogo": "https://content.osn.com/logo/channel/cropped/OFM.png", "channel": "OFM", "ttl": 1593855900000.0, "description": "-", "startTime": 1593849900000.0, "endTime": 1593855900000.0, "frequency": "-", "duration": 6000000}, {"channelName": "OFM", "timestampKey": 1593855900000.0, "showName": "Togo", "showImage": "N/a", "type": "Movies", "rate": 0, "channelLogo": "https://content.osn.com/logo/channel/cropped/OFM.png", "channel": "OFM", "ttl": 1593862500000.0, "description": "-", "startTime": 1593855900000.0, "endTime": 1593862500000.0, "frequency": "-", "duration": 6600000}], "channelLogo": "https://content.osn.com/logo/channel/cropped/OFM.png", "channel": "OFM", "type2": "Movies"}, {"channelNameKey": "OFM", "timestampKey": 1593855900000.0, "startTime": 1593855900000.0, "endTime": 1593862500000.0, "type": "Movies", "rate": 0, "ttl": 1593862500000.0, "items": [{"channelName": "OFM", "timestampKey": 1593855900000.0, "showName": "Togo", "showImage": "N/a", "type": "Movies", "rate": 0, "channelLogo": "https://content.osn.com/logo/channel/cropped/OFM.png", "channel": "OFM", "ttl": 1593862500000.0, "description": "-", "startTime": 1593855900000.0, "endTime": 1593862500000.0, "frequency": "-", "duration": 6600000}, {"channelName": "OFM", "timestampKey": 1593862500000.0, "showName": "Sky High", "showImage": "N/a", "type": "Movies", "rate": 0, "channelLogo": "https://content.osn.com/logo/channel/cropped/OFM.png", "channel": "OFM", "ttl": 1593868500000.0, "description": "-", "startTime": 1593862500000.0, "endTime": 1593868500000.0, "frequency": "-", "duration": 6000000}], "channelLogo": "https://content.osn.com/logo/channel/cropped/OFM.png", "channel": "OFM", "type2": "Movies"}, {"channelNameKey": "OFM", "timestampKey": 1593862500000.0, "startTime": 1593862500000.0, "endTime": 1593868500000.0, "type": "Movies", "rate": 0, "ttl": 1593868500000.0, "items": [{"channelName": "OFM", "timestampKey": 1593862500000.0, "showName": "Sky High", "showImage": "N/a", "type": "Movies", "rate": 0, "channelLogo": "https://content.osn.com/logo/channel/cropped/OFM.png", "channel": "OFM", "ttl": 1593868500000.0, "description": "-", "startTime": 1593862500000.0, "endTime": 1593868500000.0, "frequency": "-", "duration": 6000000}, {"channelName": "OFM", "timestampKey": 1593868500000.0, "showName": "Peter Pan: Return To Neverland", "showImage": "N/a", "type": "Movies", "rate": 0, "channelLogo": "https://content.osn.com/logo/channel/cropped/OFM.png", "channel": "OFM", "ttl": 1593873000000.0, "description": "-", "startTime": 1593868500000.0, "endTime": 1593873000000.0, "frequency": "-", "duration": 4500000}], "channelLogo": "https://content.osn.com/logo/channel/cropped/OFM.png", "channel": "OFM", "type2": "Movies"}, {"channelNameKey": "OFM", "timestampKey": 1593868500000.0, "startTime": 1593868500000.0, "endTime": 1593873000000.0, "type": "Movies", "rate": 0, "ttl": 1593873000000.0, "items": [{"channelName": "OFM", "timestampKey": 1593868500000.0, "showName": "Peter Pan: Return To Neverland", "showImage": "N/a", "type": "Movies", "rate": 0, "channelLogo": "https://content.osn.com/logo/channel/cropped/OFM.png", "channel": "OFM", "ttl": 1593873000000.0, "description": "-", "startTime": 1593868500000.0, "endTime": 1593873000000.0, "frequency": "-", "duration": 4500000}, {"channelName": "OFM", "timestampKey": 1593873000000.0, "showName": "Christopher Robin", "showImage": "N/a", "type": "Movies", "rate": 0, "channelLogo": "https://content.osn.com/logo/channel/cropped/OFM.png", "channel": "OFM", "ttl": 1593879300000.0, "description": "-", "startTime": 1593873000000.0, "endTime": 1593879300000.0, "frequency": "-", "duration": 6300000}], "channelLogo": "https://content.osn.com/logo/channel/cropped/OFM.png", "channel": "OFM", "type2": "Movies"}, {"channelNameKey": "OFM", "timestampKey": 1593873000000.0, "startTime": 1593873000000.0, "endTime": 1593879300000.0, "type": "Movies", "rate": 0, "ttl": 1593879300000.0, "items": [{"channelName": "OFM", "timestampKey": 1593873000000.0, "showName": "Christopher Robin", "showImage": "N/a", "type": "Movies", "rate": 0, "channelLogo": "https://content.osn.com/logo/channel/cropped/OFM.png", "channel": "OFM", "ttl": 1593879300000.0, "description": "-", "startTime": 1593873000000.0, "endTime": 1593879300000.0, "frequency": "-", "duration": 6300000}], "channelLogo": "https://content.osn.com/logo/channel/cropped/OFM.png", "channel": "OFM", "type2": "Movies"}]