{
    "master_list": {
        "site1": {
            "sports": [
                {
                    "channelName": "Tremblay vs Nimes - Handball French Stars League 2019/20",
                    "timestampKey": 1591337700000,
                    "showName": "Tremblay vs Nimes - Handball French Stars League 2019/20",
                    "showImage": "N/a",
                    "type": "رياضة",
                    "rate": 0,
                    "channelLogo": "https://bein.net/mena/wp-content/uploads/sites/3/2015/06/Global.png",
                    "channel": "Global",
                    "ttl": 1591342200000,
                    "description": "-",
                    "startTime": 1591337700000,
                    "endTime": 1591342200000,
                    "frequency": "-",
                    "duration": 4500000
                },
                {
                    "channelName": "Allo beIN",
                    "timestampKey": 1591342200000,
                    "showName": "Allo beIN",
                    "showImage": "N/a",
                    "type": "رياضة",
                    "rate": 0,
                    "channelLogo": "https://bein.net/mena/wp-content/uploads/sites/3/2015/06/Global.png",
                    "channel": "Global",
                    "ttl": 1591259400000,
                    "description": "-",
                    "startTime": 1591342200000,
                    "endTime": 1591259400000,
                    "frequency": "-",
                    "duration": -82800000
                }
            ],
            "entertainment": [
                {
                    "channelName": "Tremblay vs Nimes - Handball French Stars League 2019/20",
                    "timestampKey": 1591337700000,
                    "showName": "Tremblay vs Nimes - Handball French Stars League 2019/20",
                    "showImage": "N/a",
                    "type": "رياضة",
                    "rate": 0,
                    "channelLogo": "https://bein.net/mena/wp-content/uploads/sites/3/2015/06/Global.png",
                    "channel": "Global",
                    "ttl": 1591342200000,
                    "description": "-",
                    "startTime": 1591337700000,
                    "endTime": 1591342200000,
                    "frequency": "-",
                    "duration": 4500000
                },
                {
                    "channelName": "Allo beIN",
                    "timestampKey": 1591342200000,
                    "showName": "Allo beIN",
                    "showImage": "N/a",
                    "type": "رياضة",
                    "rate": 0,
                    "channelLogo": "https://bein.net/mena/wp-content/uploads/sites/3/2015/06/Global.png",
                    "channel": "Global",
                    "ttl": 1591259400000,
                    "description": "-",
                    "startTime": 1591342200000,
                    "endTime": 1591259400000,
                    "frequency": "-",
                    "duration": -82800000
                }
            ]
        }
    }
}