[{"channelNameKey": "OM1", "timestampKey": 1591781700000.0, "startTime": 1591781700000.0, "endTime": 1591787700000.0, "type": "Movies", "rate": 0, "ttl": 1591787700000.0, "items": [{"channelName": "OM1", "timestampKey": 1591781700000.0, "showName": "The Boy, The Dog And The Clown", "showImage": "N/a", "type": "Movies", "rate": 0, "channelLogo": "https://content.osn.com/logo/channel/cropped/OM1.png", "channel": "OM1", "ttl": 1591787700000.0, "description": "-", "startTime": 1591781700000.0, "endTime": 1591787700000.0, "frequency": "-", "duration": 6000000}, {"channelName": "OM1", "timestampKey": 1591787700000.0, "showName": "The Lion King", "showImage": "N/a", "type": "Movies", "rate": 0, "channelLogo": "https://content.osn.com/logo/channel/cropped/OM1.png", "channel": "OM1", "ttl": 1591794900000.0, "description": "-", "startTime": 1591787700000.0, "endTime": 1591794900000.0, "frequency": "-", "duration": 7200000}], "channelLogo": "https://content.osn.com/logo/channel/cropped/OM1.png", "channel": "OM1", "type2": "Movies"}, {"channelNameKey": "OM1", "timestampKey": 1591787700000.0, "startTime": 1591787700000.0, "endTime": 1591794900000.0, "type": "Movies", "rate": 0, "ttl": 1591794900000.0, "items": [{"channelName": "OM1", "timestampKey": 1591787700000.0, "showName": "The Lion King", "showImage": "N/a", "type": "Movies", "rate": 0, "channelLogo": "https://content.osn.com/logo/channel/cropped/OM1.png", "channel": "OM1", "ttl": 1591794900000.0, "description": "-", "startTime": 1591787700000.0, "endTime": 1591794900000.0, "frequency": "-", "duration": 7200000}, {"channelName": "OM1", "timestampKey": 1591794900000.0, "showName": "Clara", "showImage": "N/a", "type": "Movies", "rate": 0, "channelLogo": "https://content.osn.com/logo/channel/cropped/OM1.png", "channel": "OM1", "ttl": 1591801200000.0, "description": "-", "startTime": 1591794900000.0, "endTime": 1591801200000.0, "frequency": "-", "duration": 6300000}], "channelLogo": "https://content.osn.com/logo/channel/cropped/OM1.png", "channel": "OM1", "type2": "Movies"}, {"channelNameKey": "OM1", "timestampKey": 1591794900000.0, "startTime": 1591794900000.0, "endTime": 1591801200000.0, "type": "Movies", "rate": 0, "ttl": 1591801200000.0, "items": [{"channelName": "OM1", "timestampKey": 1591794900000.0, "showName": "Clara", "showImage": "N/a", "type": "Movies", "rate": 0, "channelLogo": "https://content.osn.com/logo/channel/cropped/OM1.png", "channel": "OM1", "ttl": 1591801200000.0, "description": "-", "startTime": 1591794900000.0, "endTime": 1591801200000.0, "frequency": "-", "duration": 6300000}, {"channelName": "OM1", "timestampKey": 1591801200000.0, "showName": "Spider In The Web", "showImage": "N/a", "type": "Movies", "rate": 0, "channelLogo": "https://content.osn.com/logo/channel/cropped/OM1.png", "channel": "OM1", "ttl": 1591808400000.0, "description": "-", "startTime": 1591801200000.0, "endTime": 1591808400000.0, "frequency": "-", "duration": 7200000}], "channelLogo": "https://content.osn.com/logo/channel/cropped/OM1.png", "channel": "OM1", "type2": "Movies"}, {"channelNameKey": "OM1", "timestampKey": 1591801200000.0, "startTime": 1591801200000.0, "endTime": 1591808400000.0, "type": "Movies", "rate": 0, "ttl": 1591808400000.0, "items": [{"channelName": "OM1", "timestampKey": 1591801200000.0, "showName": "Spider In The Web", "showImage": "N/a", "type": "Movies", "rate": 0, "channelLogo": "https://content.osn.com/logo/channel/cropped/OM1.png", "channel": "OM1", "ttl": 1591808400000.0, "description": "-", "startTime": 1591801200000.0, "endTime": 1591808400000.0, "frequency": "-", "duration": 7200000}, {"channelName": "OM1", "timestampKey": 1591808400000.0, "showName": "The Peanut Butter Falcon", "showImage": "N/a", "type": "Movies", "rate": 0, "channelLogo": "https://content.osn.com/logo/channel/cropped/OM1.png", "channel": "OM1", "ttl": 1591814400000.0, "description": "-", "startTime": 1591808400000.0, "endTime": 1591814400000.0, "frequency": "-", "duration": 6000000}], "channelLogo": "https://content.osn.com/logo/channel/cropped/OM1.png", "channel": "OM1", "type2": "Movies"}, {"channelNameKey": "OM1", "timestampKey": 1591808400000.0, "startTime": 1591808400000.0, "endTime": 1591814400000.0, "type": "Movies", "rate": 0, "ttl": 1591814400000.0, "items": [{"channelName": "OM1", "timestampKey": 1591808400000.0, "showName": "The Peanut Butter Falcon", "showImage": "N/a", "type": "Movies", "rate": 0, "channelLogo": "https://content.osn.com/logo/channel/cropped/OM1.png", "channel": "OM1", "ttl": 1591814400000.0, "description": "-", "startTime": 1591808400000.0, "endTime": 1591814400000.0, "frequency": "-", "duration": 6000000}, {"channelName": "OM1", "timestampKey": 1591814400000.0, "showName": "Fast & Furious Presents: Hobbs & Shaw", "showImage": "N/a", "type": "Movies", "rate": 0, "channelLogo": "https://content.osn.com/logo/channel/cropped/OM1.png", "channel": "OM1", "ttl": 1591822800000.0, "description": "-", "startTime": 1591814400000.0, "endTime": 1591822800000.0, "frequency": "-", "duration": 8400000}], "channelLogo": "https://content.osn.com/logo/channel/cropped/OM1.png", "channel": "OM1", "type2": "Movies"}, {"channelNameKey": "OM1", "timestampKey": 1591814400000.0, "startTime": 1591814400000.0, "endTime": 1591822800000.0, "type": "Movies", "rate": 0, "ttl": 1591822800000.0, "items": [{"channelName": "OM1", "timestampKey": 1591814400000.0, "showName": "Fast & Furious Presents: Hobbs & Shaw", "showImage": "N/a", "type": "Movies", "rate": 0, "channelLogo": "https://content.osn.com/logo/channel/cropped/OM1.png", "channel": "OM1", "ttl": 1591822800000.0, "description": "-", "startTime": 1591814400000.0, "endTime": 1591822800000.0, "frequency": "-", "duration": 8400000}, {"channelName": "OM1", "timestampKey": 1591822800000.0, "showName": "Mandy", "showImage": "N/a", "type": "Movies", "rate": 0, "channelLogo": "https://content.osn.com/logo/channel/cropped/OM1.png", "channel": "OM1", "ttl": 1591830600000.0, "description": "-", "startTime": 1591822800000.0, "endTime": 1591830600000.0, "frequency": "-", "duration": 7800000}], "channelLogo": "https://content.osn.com/logo/channel/cropped/OM1.png", "channel": "OM1", "type2": "Movies"}, {"channelNameKey": "OM1", "timestampKey": 1591822800000.0, "startTime": 1591822800000.0, "endTime": 1591830600000.0, "type": "Movies", "rate": 0, "ttl": 1591830600000.0, "items": [{"channelName": "OM1", "timestampKey": 1591822800000.0, "showName": "Mandy", "showImage": "N/a", "type": "Movies", "rate": 0, "channelLogo": "https://content.osn.com/logo/channel/cropped/OM1.png", "channel": "OM1", "ttl": 1591830600000.0, "description": "-", "startTime": 1591822800000.0, "endTime": 1591830600000.0, "frequency": "-", "duration": 7800000}, {"channelName": "OM1", "timestampKey": 1591830600000.0, "showName": "Super Troopers 2", "showImage": "N/a", "type": "Movies", "rate": 0, "channelLogo": "https://content.osn.com/logo/channel/cropped/OM1.png", "channel": "OM1", "ttl": 1591836900000.0, "description": "-", "startTime": 1591830600000.0, "endTime": 1591836900000.0, "frequency": "-", "duration": 6300000}], "channelLogo": "https://content.osn.com/logo/channel/cropped/OM1.png", "channel": "OM1", "type2": "Movies"}, {"channelNameKey": "OM1", "timestampKey": 1591830600000.0, "startTime": 1591830600000.0, "endTime": 1591836900000.0, "type": "Movies", "rate": 0, "ttl": 1591836900000.0, "items": [{"channelName": "OM1", "timestampKey": 1591830600000.0, "showName": "Super Troopers 2", "showImage": "N/a", "type": "Movies", "rate": 0, "channelLogo": "https://content.osn.com/logo/channel/cropped/OM1.png", "channel": "OM1", "ttl": 1591836900000.0, "description": "-", "startTime": 1591830600000.0, "endTime": 1591836900000.0, "frequency": "-", "duration": 6300000}, {"channelName": "OM1", "timestampKey": 1591831500000.0, "showName": "Rapid Eye Movement", "showImage": "N/a", "type": "Movies", "rate": 0, "channelLogo": "https://content.osn.com/logo/channel/cropped/OM1.png", "channel": "OM1", "ttl": 1591838400000.0, "description": "-", "startTime": 1591831500000.0, "endTime": 1591838400000.0, "frequency": "-", "duration": 6900000}], "channelLogo": "https://content.osn.com/logo/channel/cropped/OM1.png", "channel": "OM1", "type2": "Movies"}, {"channelNameKey": "OM1", "timestampKey": 1591831500000.0, "startTime": 1591831500000.0, "endTime": 1591838400000.0, "type": "Movies", "rate": 0, "ttl": 1591838400000.0, "items": [{"channelName": "OM1", "timestampKey": 1591831500000.0, "showName": "Rapid Eye Movement", "showImage": "N/a", "type": "Movies", "rate": 0, "channelLogo": "https://content.osn.com/logo/channel/cropped/OM1.png", "channel": "OM1", "ttl": 1591838400000.0, "description": "-", "startTime": 1591831500000.0, "endTime": 1591838400000.0, "frequency": "-", "duration": 6900000}, {"channelName": "OM1", "timestampKey": 1591838400000.0, "showName": "Midway To Love", "showImage": "N/a", "type": "Movies", "rate": 0, "channelLogo": "https://content.osn.com/logo/channel/cropped/OM1.png", "channel": "OM1", "ttl": 1591844100000.0, "description": "-", "startTime": 1591838400000.0, "endTime": 1591844100000.0, "frequency": "-", "duration": 5700000}], "channelLogo": "https://content.osn.com/logo/channel/cropped/OM1.png", "channel": "OM1", "type2": "Movies"}, {"channelNameKey": "OM1", "timestampKey": 1591838400000.0, "startTime": 1591838400000.0, "endTime": 1591844100000.0, "type": "Movies", "rate": 0, "ttl": 1591844100000.0, "items": [{"channelName": "OM1", "timestampKey": 1591838400000.0, "showName": "Midway To Love", "showImage": "N/a", "type": "Movies", "rate": 0, "channelLogo": "https://content.osn.com/logo/channel/cropped/OM1.png", "channel": "OM1", "ttl": 1591844100000.0, "description": "-", "startTime": 1591838400000.0, "endTime": 1591844100000.0, "frequency": "-", "duration": 5700000}, {"channelName": "OM1", "timestampKey": 1591844100000.0, "showName": "Running Wild", "showImage": "N/a", "type": "Movies", "rate": 0, "channelLogo": "https://content.osn.com/logo/channel/cropped/OM1.png", "channel": "OM1", "ttl": 1591850100000.0, "description": "-", "startTime": 1591844100000.0, "endTime": 1591850100000.0, "frequency": "-", "duration": 6000000}], "channelLogo": "https://content.osn.com/logo/channel/cropped/OM1.png", "channel": "OM1", "type2": "Movies"}, {"channelNameKey": "OM1", "timestampKey": 1591844100000.0, "startTime": 1591844100000.0, "endTime": 1591850100000.0, "type": "Movies", "rate": 0, "ttl": 1591850100000.0, "items": [{"channelName": "OM1", "timestampKey": 1591844100000.0, "showName": "Running Wild", "showImage": "N/a", "type": "Movies", "rate": 0, "channelLogo": "https://content.osn.com/logo/channel/cropped/OM1.png", "channel": "OM1", "ttl": 1591850100000.0, "description": "-", "startTime": 1591844100000.0, "endTime": 1591850100000.0, "frequency": "-", "duration": 6000000}, {"channelName": "OM1", "timestampKey": 1591850100000.0, "showName": "Love At The Shore", "showImage": "N/a", "type": "Movies", "rate": 0, "channelLogo": "https://content.osn.com/logo/channel/cropped/OM1.png", "channel": "OM1", "ttl": 1591855500000.0, "description": "-", "startTime": 1591850100000.0, "endTime": 1591855500000.0, "frequency": "-", "duration": 5400000}], "channelLogo": "https://content.osn.com/logo/channel/cropped/OM1.png", "channel": "OM1", "type2": "Movies"}, {"channelNameKey": "OM1", "timestampKey": 1591850100000.0, "startTime": 1591850100000.0, "endTime": 1591855500000.0, "type": "Movies", "rate": 0, "ttl": 1591855500000.0, "items": [{"channelName": "OM1", "timestampKey": 1591850100000.0, "showName": "Love At The Shore", "showImage": "N/a", "type": "Movies", "rate": 0, "channelLogo": "https://content.osn.com/logo/channel/cropped/OM1.png", "channel": "OM1", "ttl": 1591855500000.0, "description": "-", "startTime": 1591850100000.0, "endTime": 1591855500000.0, "frequency": "-", "duration": 5400000}, {"channelName": "OM1", "timestampKey": 1591855500000.0, "showName": "Benchwarmers 2: Breaking Balls", "showImage": "N/a", "type": "Movies", "rate": 0, "channelLogo": "https://content.osn.com/logo/channel/cropped/OM1.png", "channel": "OM1", "ttl": 1591861200000.0, "description": "-", "startTime": 1591855500000.0, "endTime": 1591861200000.0, "frequency": "-", "duration": 5700000}], "channelLogo": "https://content.osn.com/logo/channel/cropped/OM1.png", "channel": "OM1", "type2": "Movies"}, {"channelNameKey": "OM1", "timestampKey": 1591855500000.0, "startTime": 1591855500000.0, "endTime": 1591861200000.0, "type": "Movies", "rate": 0, "ttl": 1591861200000.0, "items": [{"channelName": "OM1", "timestampKey": 1591855500000.0, "showName": "Benchwarmers 2: Breaking Balls", "showImage": "N/a", "type": "Movies", "rate": 0, "channelLogo": "https://content.osn.com/logo/channel/cropped/OM1.png", "channel": "OM1", "ttl": 1591861200000.0, "description": "-", "startTime": 1591855500000.0, "endTime": 1591861200000.0, "frequency": "-", "duration": 5700000}, {"channelName": "OM1", "timestampKey": 1591861200000.0, "showName": "The Front Runner", "showImage": "N/a", "type": "Movies", "rate": 0, "channelLogo": "https://content.osn.com/logo/channel/cropped/OM1.png", "channel": "OM1", "ttl": 1591868100000.0, "description": "-", "startTime": 1591861200000.0, "endTime": 1591868100000.0, "frequency": "-", "duration": 6900000}], "channelLogo": "https://content.osn.com/logo/channel/cropped/OM1.png", "channel": "OM1", "type2": "Movies"}, {"channelNameKey": "OM1", "timestampKey": 1591861200000.0, "startTime": 1591861200000.0, "endTime": 1591868100000.0, "type": "Movies", "rate": 0, "ttl": 1591868100000.0, "items": [{"channelName": "OM1", "timestampKey": 1591861200000.0, "showName": "The Front Runner", "showImage": "N/a", "type": "Movies", "rate": 0, "channelLogo": "https://content.osn.com/logo/channel/cropped/OM1.png", "channel": "OM1", "ttl": 1591868100000.0, "description": "-", "startTime": 1591861200000.0, "endTime": 1591868100000.0, "frequency": "-", "duration": 6900000}], "channelLogo": "https://content.osn.com/logo/channel/cropped/OM1.png", "channel": "OM1", "type2": "Movies"}, {"channelNameKey": "OMX", "timestampKey": 1591776300000.0, "startTime": 1591776300000.0, "endTime": 1591782000000.0, "type": "Movies", "rate": 0, "ttl": 1591782000000.0, "items": [{"channelName": "OMX", "timestampKey": 1591776300000.0, "showName": "Benchwarmers 2: Breaking Balls", "showImage": "N/a", "type": "Movies", "rate": 0, "channelLogo": "https://content.osn.com/logo/channel/cropped/OMX.png", "channel": "OMX", "ttl": 1591782000000.0, "description": "-", "startTime": 1591776300000.0, "endTime": 1591782000000.0, "frequency": "-", "duration": 5700000}, {"channelName": "OMX", "timestampKey": 1591782000000.0, "showName": "The Front Runner", "showImage": "N/a", "type": "Movies", "rate": 0, "channelLogo": "https://content.osn.com/logo/channel/cropped/OMX.png", "channel": "OMX", "ttl": 1591788900000.0, "description": "-", "startTime": 1591782000000.0, "endTime": 1591788900000.0, "frequency": "-", "duration": 6900000}], "channelLogo": "https://content.osn.com/logo/channel/cropped/OMX.png", "channel": "OMX", "type2": "Movies"}, {"channelNameKey": "OMX", "timestampKey": 1591782000000.0, "startTime": 1591782000000.0, "endTime": 1591788900000.0, "type": "Movies", "rate": 0, "ttl": 1591788900000.0, "items": [{"channelName": "OMX", "timestampKey": 1591782000000.0, "showName": "The Front Runner", "showImage": "N/a", "type": "Movies", "rate": 0, "channelLogo": "https://content.osn.com/logo/channel/cropped/OMX.png", "channel": "OMX", "ttl": 1591788900000.0, "description": "-", "startTime": 1591782000000.0, "endTime": 1591788900000.0, "frequency": "-", "duration": 6900000}, {"channelName": "OMX", "timestampKey": 1591788900000.0, "showName": "The Boy, The Dog And The Clown", "showImage": "N/a", "type": "Movies", "rate": 0, "channelLogo": "https://content.osn.com/logo/channel/cropped/OMX.png", "channel": "OMX", "ttl": 1591794900000.0, "description": "-", "startTime": 1591788900000.0, "endTime": 1591794900000.0, "frequency": "-", "duration": 6000000}], "channelLogo": "https://content.osn.com/logo/channel/cropped/OMX.png", "channel": "OMX", "type2": "Movies"}, {"channelNameKey": "OMX", "timestampKey": 1591788900000.0, "startTime": 1591788900000.0, "endTime": 1591794900000.0, "type": "Movies", "rate": 0, "ttl": 1591794900000.0, "items": [{"channelName": "OMX", "timestampKey": 1591788900000.0, "showName": "The Boy, The Dog And The Clown", "showImage": "N/a", "type": "Movies", "rate": 0, "channelLogo": "https://content.osn.com/logo/channel/cropped/OMX.png", "channel": "OMX", "ttl": 1591794900000.0, "description": "-", "startTime": 1591788900000.0, "endTime": 1591794900000.0, "frequency": "-", "duration": 6000000}, {"channelName": "OMX", "timestampKey": 1591794900000.0, "showName": "The Lion King", "showImage": "N/a", "type": "Movies", "rate": 0, "channelLogo": "https://content.osn.com/logo/channel/cropped/OMX.png", "channel": "OMX", "ttl": 1591802100000.0, "description": "-", "startTime": 1591794900000.0, "endTime": 1591802100000.0, "frequency": "-", "duration": 7200000}], "channelLogo": "https://content.osn.com/logo/channel/cropped/OMX.png", "channel": "OMX", "type2": "Movies"}, {"channelNameKey": "OMX", "timestampKey": 1591794900000.0, "startTime": 1591794900000.0, "endTime": 1591802100000.0, "type": "Movies", "rate": 0, "ttl": 1591802100000.0, "items": [{"channelName": "OMX", "timestampKey": 1591794900000.0, "showName": "The Lion King", "showImage": "N/a", "type": "Movies", "rate": 0, "channelLogo": "https://content.osn.com/logo/channel/cropped/OMX.png", "channel": "OMX", "ttl": 1591802100000.0, "description": "-", "startTime": 1591794900000.0, "endTime": 1591802100000.0, "frequency": "-", "duration": 7200000}, {"channelName": "OMX", "timestampKey": 1591802100000.0, "showName": "Clara", "showImage": "N/a", "type": "Movies", "rate": 0, "channelLogo": "https://content.osn.com/logo/channel/cropped/OMX.png", "channel": "OMX", "ttl": 1591808400000.0, "description": "-", "startTime": 1591802100000.0, "endTime": 1591808400000.0, "frequency": "-", "duration": 6300000}], "channelLogo": "https://content.osn.com/logo/channel/cropped/OMX.png", "channel": "OMX", "type2": "Movies"}, {"channelNameKey": "OMX", "timestampKey": 1591802100000.0, "startTime": 1591802100000.0, "endTime": 1591808400000.0, "type": "Movies", "rate": 0, "ttl": 1591808400000.0, "items": [{"channelName": "OMX", "timestampKey": 1591802100000.0, "showName": "Clara", "showImage": "N/a", "type": "Movies", "rate": 0, "channelLogo": "https://content.osn.com/logo/channel/cropped/OMX.png", "channel": "OMX", "ttl": 1591808400000.0, "description": "-", "startTime": 1591802100000.0, "endTime": 1591808400000.0, "frequency": "-", "duration": 6300000}, {"channelName": "OMX", "timestampKey": 1591808400000.0, "showName": "Spider In The Web", "showImage": "N/a", "type": "Movies", "rate": 0, "channelLogo": "https://content.osn.com/logo/channel/cropped/OMX.png", "channel": "OMX", "ttl": 1591815600000.0, "description": "-", "startTime": 1591808400000.0, "endTime": 1591815600000.0, "frequency": "-", "duration": 7200000}], "channelLogo": "https://content.osn.com/logo/channel/cropped/OMX.png", "channel": "OMX", "type2": "Movies"}, {"channelNameKey": "OMX", "timestampKey": 1591808400000.0, "startTime": 1591808400000.0, "endTime": 1591815600000.0, "type": "Movies", "rate": 0, "ttl": 1591815600000.0, "items": [{"channelName": "OMX", "timestampKey": 1591808400000.0, "showName": "Spider In The Web", "showImage": "N/a", "type": "Movies", "rate": 0, "channelLogo": "https://content.osn.com/logo/channel/cropped/OMX.png", "channel": "OMX", "ttl": 1591815600000.0, "description": "-", "startTime": 1591808400000.0, "endTime": 1591815600000.0, "frequency": "-", "duration": 7200000}, {"channelName": "OMX", "timestampKey": 1591815600000.0, "showName": "The Peanut Butter Falcon", "showImage": "N/a", "type": "Movies", "rate": 0, "channelLogo": "https://content.osn.com/logo/channel/cropped/OMX.png", "channel": "OMX", "ttl": 1591821600000.0, "description": "-", "startTime": 1591815600000.0, "endTime": 1591821600000.0, "frequency": "-", "duration": 6000000}], "channelLogo": "https://content.osn.com/logo/channel/cropped/OMX.png", "channel": "OMX", "type2": "Movies"}, {"channelNameKey": "OMX", "timestampKey": 1591815600000.0, "startTime": 1591815600000.0, "endTime": 1591821600000.0, "type": "Movies", "rate": 0, "ttl": 1591821600000.0, "items": [{"channelName": "OMX", "timestampKey": 1591815600000.0, "showName": "The Peanut Butter Falcon", "showImage": "N/a", "type": "Movies", "rate": 0, "channelLogo": "https://content.osn.com/logo/channel/cropped/OMX.png", "channel": "OMX", "ttl": 1591821600000.0, "description": "-", "startTime": 1591815600000.0, "endTime": 1591821600000.0, "frequency": "-", "duration": 6000000}, {"channelName": "OMX", "timestampKey": 1591821600000.0, "showName": "Fast & Furious Presents: Hobbs & Shaw", "showImage": "N/a", "type": "Movies", "rate": 0, "channelLogo": "https://content.osn.com/logo/channel/cropped/OMX.png", "channel": "OMX", "ttl": 1591830000000.0, "description": "-", "startTime": 1591821600000.0, "endTime": 1591830000000.0, "frequency": "-", "duration": 8400000}], "channelLogo": "https://content.osn.com/logo/channel/cropped/OMX.png", "channel": "OMX", "type2": "Movies"}, {"channelNameKey": "OMX", "timestampKey": 1591821600000.0, "startTime": 1591821600000.0, "endTime": 1591830000000.0, "type": "Movies", "rate": 0, "ttl": 1591830000000.0, "items": [{"channelName": "OMX", "timestampKey": 1591821600000.0, "showName": "Fast & Furious Presents: Hobbs & Shaw", "showImage": "N/a", "type": "Movies", "rate": 0, "channelLogo": "https://content.osn.com/logo/channel/cropped/OMX.png", "channel": "OMX", "ttl": 1591830000000.0, "description": "-", "startTime": 1591821600000.0, "endTime": 1591830000000.0, "frequency": "-", "duration": 8400000}, {"channelName": "OMX", "timestampKey": 1591830000000.0, "showName": "Mandy", "showImage": "N/a", "type": "Movies", "rate": 0, "channelLogo": "https://content.osn.com/logo/channel/cropped/OMX.png", "channel": "OMX", "ttl": 1591837800000.0, "description": "-", "startTime": 1591830000000.0, "endTime": 1591837800000.0, "frequency": "-", "duration": 7800000}], "channelLogo": "https://content.osn.com/logo/channel/cropped/OMX.png", "channel": "OMX", "type2": "Movies"}, {"channelNameKey": "OMX", "timestampKey": 1591830000000.0, "startTime": 1591830000000.0, "endTime": 1591837800000.0, "type": "Movies", "rate": 0, "ttl": 1591837800000.0, "items": [{"channelName": "OMX", "timestampKey": 1591830000000.0, "showName": "Mandy", "showImage": "N/a", "type": "Movies", "rate": 0, "channelLogo": "https://content.osn.com/logo/channel/cropped/OMX.png", "channel": "OMX", "ttl": 1591837800000.0, "description": "-", "startTime": 1591830000000.0, "endTime": 1591837800000.0, "frequency": "-", "duration": 7800000}, {"channelName": "OMX", "timestampKey": 1591832700000.0, "showName": "Anon", "showImage": "N/a", "type": "Movies", "rate": 0, "channelLogo": "https://content.osn.com/logo/channel/cropped/OMX.png", "channel": "OMX", "ttl": 1591838700000.0, "description": "-", "startTime": 1591832700000.0, "endTime": 1591838700000.0, "frequency": "-", "duration": 6000000}], "channelLogo": "https://content.osn.com/logo/channel/cropped/OMX.png", "channel": "OMX", "type2": "Movies"}, {"channelNameKey": "OMX", "timestampKey": 1591832700000.0, "startTime": 1591832700000.0, "endTime": 1591838700000.0, "type": "Movies", "rate": 0, "ttl": 1591838700000.0, "items": [{"channelName": "OMX", "timestampKey": 1591832700000.0, "showName": "Anon", "showImage": "N/a", "type": "Movies", "rate": 0, "channelLogo": "https://content.osn.com/logo/channel/cropped/OMX.png", "channel": "OMX", "ttl": 1591838700000.0, "description": "-", "startTime": 1591832700000.0, "endTime": 1591838700000.0, "frequency": "-", "duration": 6000000}, {"channelName": "OMX", "timestampKey": 1591838700000.0, "showName": "Rapid Eye Movement", "showImage": "N/a", "type": "Movies", "rate": 0, "channelLogo": "https://content.osn.com/logo/channel/cropped/OMX.png", "channel": "OMX", "ttl": 1591845600000.0, "description": "-", "startTime": 1591838700000.0, "endTime": 1591845600000.0, "frequency": "-", "duration": 6900000}], "channelLogo": "https://content.osn.com/logo/channel/cropped/OMX.png", "channel": "OMX", "type2": "Movies"}, {"channelNameKey": "OMX", "timestampKey": 1591838700000.0, "startTime": 1591838700000.0, "endTime": 1591845600000.0, "type": "Movies", "rate": 0, "ttl": 1591845600000.0, "items": [{"channelName": "OMX", "timestampKey": 1591838700000.0, "showName": "Rapid Eye Movement", "showImage": "N/a", "type": "Movies", "rate": 0, "channelLogo": "https://content.osn.com/logo/channel/cropped/OMX.png", "channel": "OMX", "ttl": 1591845600000.0, "description": "-", "startTime": 1591838700000.0, "endTime": 1591845600000.0, "frequency": "-", "duration": 6900000}, {"channelName": "OMX", "timestampKey": 1591845600000.0, "showName": "Midway To Love", "showImage": "N/a", "type": "Movies", "rate": 0, "channelLogo": "https://content.osn.com/logo/channel/cropped/OMX.png", "channel": "OMX", "ttl": 1591851300000.0, "description": "-", "startTime": 1591845600000.0, "endTime": 1591851300000.0, "frequency": "-", "duration": 5700000}], "channelLogo": "https://content.osn.com/logo/channel/cropped/OMX.png", "channel": "OMX", "type2": "Movies"}, {"channelNameKey": "OMX", "timestampKey": 1591845600000.0, "startTime": 1591845600000.0, "endTime": 1591851300000.0, "type": "Movies", "rate": 0, "ttl": 1591851300000.0, "items": [{"channelName": "OMX", "timestampKey": 1591845600000.0, "showName": "Midway To Love", "showImage": "N/a", "type": "Movies", "rate": 0, "channelLogo": "https://content.osn.com/logo/channel/cropped/OMX.png", "channel": "OMX", "ttl": 1591851300000.0, "description": "-", "startTime": 1591845600000.0, "endTime": 1591851300000.0, "frequency": "-", "duration": 5700000}, {"channelName": "OMX", "timestampKey": 1591851300000.0, "showName": "Running Wild", "showImage": "N/a", "type": "Movies", "rate": 0, "channelLogo": "https://content.osn.com/logo/channel/cropped/OMX.png", "channel": "OMX", "ttl": 1591857300000.0, "description": "-", "startTime": 1591851300000.0, "endTime": 1591857300000.0, "frequency": "-", "duration": 6000000}], "channelLogo": "https://content.osn.com/logo/channel/cropped/OMX.png", "channel": "OMX", "type2": "Movies"}, {"channelNameKey": "OMX", "timestampKey": 1591851300000.0, "startTime": 1591851300000.0, "endTime": 1591857300000.0, "type": "Movies", "rate": 0, "ttl": 1591857300000.0, "items": [{"channelName": "OMX", "timestampKey": 1591851300000.0, "showName": "Running Wild", "showImage": "N/a", "type": "Movies", "rate": 0, "channelLogo": "https://content.osn.com/logo/channel/cropped/OMX.png", "channel": "OMX", "ttl": 1591857300000.0, "description": "-", "startTime": 1591851300000.0, "endTime": 1591857300000.0, "frequency": "-", "duration": 6000000}, {"channelName": "OMX", "timestampKey": 1591857300000.0, "showName": "Love At The Shore", "showImage": "N/a", "type": "Movies", "rate": 0, "channelLogo": "https://content.osn.com/logo/channel/cropped/OMX.png", "channel": "OMX", "ttl": 1591862700000.0, "description": "-", "startTime": 1591857300000.0, "endTime": 1591862700000.0, "frequency": "-", "duration": 5400000}], "channelLogo": "https://content.osn.com/logo/channel/cropped/OMX.png", "channel": "OMX", "type2": "Movies"}, {"channelNameKey": "OMX", "timestampKey": 1591857300000.0, "startTime": 1591857300000.0, "endTime": 1591862700000.0, "type": "Movies", "rate": 0, "ttl": 1591862700000.0, "items": [{"channelName": "OMX", "timestampKey": 1591857300000.0, "showName": "Love At The Shore", "showImage": "N/a", "type": "Movies", "rate": 0, "channelLogo": "https://content.osn.com/logo/channel/cropped/OMX.png", "channel": "OMX", "ttl": 1591862700000.0, "description": "-", "startTime": 1591857300000.0, "endTime": 1591862700000.0, "frequency": "-", "duration": 5400000}], "channelLogo": "https://content.osn.com/logo/channel/cropped/OMX.png", "channel": "OMX", "type2": "Movies"}, {"channelNameKey": "AHD", "timestampKey": 1591831200000.0, "startTime": 1591831200000.0, "endTime": 1591837800000.0, "type": "Movies", "rate": 0, "ttl": 1591837800000.0, "items": [{"channelName": "AHD", "timestampKey": 1591831200000.0, "showName": "Iceman", "showImage": "N/a", "type": "Movies", "rate": 0, "channelLogo": "https://content.osn.com/logo/channel/cropped/AHD.png", "channel": "AHD", "ttl": 1591837800000.0, "description": "-", "startTime": 1591831200000.0, "endTime": 1591837800000.0, "frequency": "-", "duration": 6600000}, {"channelName": "AHD", "timestampKey": 1591837800000.0, "showName": "Corbin Nash", "showImage": "N/a", "type": "Movies", "rate": 0, "channelLogo": "https://content.osn.com/logo/channel/cropped/AHD.png", "channel": "AHD", "ttl": 1591844100000.0, "description": "-", "startTime": 1591837800000.0, "endTime": 1591844100000.0, "frequency": "-", "duration": 6300000}], "channelLogo": "https://content.osn.com/logo/channel/cropped/AHD.png", "channel": "AHD", "type2": "Movies"}, {"channelNameKey": "AHD", "timestampKey": 1591837800000.0, "startTime": 1591837800000.0, "endTime": 1591844100000.0, "type": "Movies", "rate": 0, "ttl": 1591844100000.0, "items": [{"channelName": "AHD", "timestampKey": 1591837800000.0, "showName": "Corbin Nash", "showImage": "N/a", "type": "Movies", "rate": 0, "channelLogo": "https://content.osn.com/logo/channel/cropped/AHD.png", "channel": "AHD", "ttl": 1591844100000.0, "description": "-", "startTime": 1591837800000.0, "endTime": 1591844100000.0, "frequency": "-", "duration": 6300000}, {"channelName": "AHD", "timestampKey": 1591844100000.0, "showName": "Tsunambee: The Wrath Cometh", "showImage": "N/a", "type": "Movies", "rate": 0, "channelLogo": "https://content.osn.com/logo/channel/cropped/AHD.png", "channel": "AHD", "ttl": 1591849800000.0, "description": "-", "startTime": 1591844100000.0, "endTime": 1591849800000.0, "frequency": "-", "duration": 5700000}], "channelLogo": "https://content.osn.com/logo/channel/cropped/AHD.png", "channel": "AHD", "type2": "Movies"}, {"channelNameKey": "AHD", "timestampKey": 1591844100000.0, "startTime": 1591844100000.0, "endTime": 1591849800000.0, "type": "Movies", "rate": 0, "ttl": 1591849800000.0, "items": [{"channelName": "AHD", "timestampKey": 1591844100000.0, "showName": "Tsunambee: The Wrath Cometh", "showImage": "N/a", "type": "Movies", "rate": 0, "channelLogo": "https://content.osn.com/logo/channel/cropped/AHD.png", "channel": "AHD", "ttl": 1591849800000.0, "description": "-", "startTime": 1591844100000.0, "endTime": 1591849800000.0, "frequency": "-", "duration": 5700000}, {"channelName": "AHD", "timestampKey": 1591849800000.0, "showName": "Guardians", "showImage": "N/a", "type": "Movies", "rate": 0, "channelLogo": "https://content.osn.com/logo/channel/cropped/AHD.png", "channel": "AHD", "ttl": 1591855800000.0, "description": "-", "startTime": 1591849800000.0, "endTime": 1591855800000.0, "frequency": "-", "duration": 6000000}], "channelLogo": "https://content.osn.com/logo/channel/cropped/AHD.png", "channel": "AHD", "type2": "Movies"}, {"channelNameKey": "AHD", "timestampKey": 1591849800000.0, "startTime": 1591849800000.0, "endTime": 1591855800000.0, "type": "Movies", "rate": 0, "ttl": 1591855800000.0, "items": [{"channelName": "AHD", "timestampKey": 1591849800000.0, "showName": "Guardians", "showImage": "N/a", "type": "Movies", "rate": 0, "channelLogo": "https://content.osn.com/logo/channel/cropped/AHD.png", "channel": "AHD", "ttl": 1591855800000.0, "description": "-", "startTime": 1591849800000.0, "endTime": 1591855800000.0, "frequency": "-", "duration": 6000000}], "channelLogo": "https://content.osn.com/logo/channel/cropped/AHD.png", "channel": "AHD", "type2": "Movies"}]