[{"channelNameKey": "Global", "timestampKey": 1591840800000.0, "startTime": 1591840800000.0, "endTime": 1591842600000.0, "type": "sports", "rate": 0, "ttl": 1591842600000.0, "items": [{"channelName": "Global", "timestampKey": 1591840800000.0, "showName": "West Germany VS Ussr 1972 EURO 2016 FINAL", "showImage": "N/a", "type": "sports", "rate": 0, "channelLogo": "https://bein.net/mena/wp-content/uploads/sites/3/2015/06/Global.png", "channel": "Global", "ttl": 1591842600000.0, "description": "-", "startTime": 1591840800000.0, "endTime": 1591842600000.0, "frequency": "-", "duration": 1800000.0}, {"channelName": "Global", "timestampKey": 1591842600000.0, "showName": "Czechoslovakia VS Germany 1976 EURO 2016 FINAL", "showImage": "N/a", "type": "sports", "rate": 0, "channelLogo": "https://bein.net/mena/wp-content/uploads/sites/3/2015/06/Global.png", "channel": "Global", "ttl": 1591844400000.0, "description": "-", "startTime": 1591842600000.0, "endTime": 1591844400000.0, "frequency": "-", "duration": 1800000.0}], "channelLogo": "https://bein.net/mena/wp-content/uploads/sites/3/2015/06/Global.png", "channel": "Global", "type2": "sports"}, {"channelNameKey": "Global", "timestampKey": 1591842600000.0, "startTime": 1591842600000.0, "endTime": 1591844400000.0, "type": "sports", "rate": 0, "ttl": 1591844400000.0, "items": [{"channelName": "Global", "timestampKey": 1591842600000.0, "showName": "Czechoslovakia VS Germany 1976 EURO 2016 FINAL", "showImage": "N/a", "type": "sports", "rate": 0, "channelLogo": "https://bein.net/mena/wp-content/uploads/sites/3/2015/06/Global.png", "channel": "Global", "ttl": 1591844400000.0, "description": "-", "startTime": 1591842600000.0, "endTime": 1591844400000.0, "frequency": "-", "duration": 1800000.0}, {"channelName": "Global", "timestampKey": 1591844400000.0, "showName": "Belgium VS  Germany 1980 EURO 2016 FINAL", "showImage": "N/a", "type": "sports", "rate": 0, "channelLogo": "https://bein.net/mena/wp-content/uploads/sites/3/2015/06/Global.png", "channel": "Global", "ttl": 1591846200000.0, "description": "-", "startTime": 1591844400000.0, "endTime": 1591846200000.0, "frequency": "-", "duration": 1800000.0}], "channelLogo": "https://bein.net/mena/wp-content/uploads/sites/3/2015/06/Global.png", "channel": "Global", "type2": "sports"}, {"channelNameKey": "Global", "timestampKey": 1591844400000.0, "startTime": 1591844400000.0, "endTime": 1591846200000.0, "type": "sports", "rate": 0, "ttl": 1591846200000.0, "items": [{"channelName": "Global", "timestampKey": 1591844400000.0, "showName": "Belgium VS  Germany 1980 EURO 2016 FINAL", "showImage": "N/a", "type": "sports", "rate": 0, "channelLogo": "https://bein.net/mena/wp-content/uploads/sites/3/2015/06/Global.png", "channel": "Global", "ttl": 1591846200000.0, "description": "-", "startTime": 1591844400000.0, "endTime": 1591846200000.0, "frequency": "-", "duration": 1800000.0}, {"channelName": "Global", "timestampKey": 1591846200000.0, "showName": "France vs Spain 1984 EURO 2016 FINAL", "showImage": "N/a", "type": "sports", "rate": 0, "channelLogo": "https://bein.net/mena/wp-content/uploads/sites/3/2015/06/Global.png", "channel": "Global", "ttl": 1591848000000.0, "description": "-", "startTime": 1591846200000.0, "endTime": 1591848000000.0, "frequency": "-", "duration": 1800000.0}], "channelLogo": "https://bein.net/mena/wp-content/uploads/sites/3/2015/06/Global.png", "channel": "Global", "type2": "sports"}, {"channelNameKey": "Global", "timestampKey": 1591846200000.0, "startTime": 1591846200000.0, "endTime": 1591848000000.0, "type": "sports", "rate": 0, "ttl": 1591848000000.0, "items": [{"channelName": "Global", "timestampKey": 1591846200000.0, "showName": "France vs Spain 1984 EURO 2016 FINAL", "showImage": "N/a", "type": "sports", "rate": 0, "channelLogo": "https://bein.net/mena/wp-content/uploads/sites/3/2015/06/Global.png", "channel": "Global", "ttl": 1591848000000.0, "description": "-", "startTime": 1591846200000.0, "endTime": 1591848000000.0, "frequency": "-", "duration": 1800000.0}, {"channelName": "Global", "timestampKey": 1591848000000.0, "showName": "Netherlands vs Soviet Union-1988 EURO Final", "showImage": "N/a", "type": "sports", "rate": 0, "channelLogo": "https://bein.net/mena/wp-content/uploads/sites/3/2015/06/Global.png", "channel": "Global", "ttl": 1591849800000.0, "description": "-", "startTime": 1591848000000.0, "endTime": 1591849800000.0, "frequency": "-", "duration": 1800000.0}], "channelLogo": "https://bein.net/mena/wp-content/uploads/sites/3/2015/06/Global.png", "channel": "Global", "type2": "sports"}, {"channelNameKey": "Global", "timestampKey": 1591848000000.0, "startTime": 1591848000000.0, "endTime": 1591849800000.0, "type": "sports", "rate": 0, "ttl": 1591849800000.0, "items": [{"channelName": "Global", "timestampKey": 1591848000000.0, "showName": "Netherlands vs Soviet Union-1988 EURO Final", "showImage": "N/a", "type": "sports", "rate": 0, "channelLogo": "https://bein.net/mena/wp-content/uploads/sites/3/2015/06/Global.png", "channel": "Global", "ttl": 1591849800000.0, "description": "-", "startTime": 1591848000000.0, "endTime": 1591849800000.0, "frequency": "-", "duration": 1800000.0}, {"channelName": "Global", "timestampKey": 1591849800000.0, "showName": "Denmark  VS  Germany 1992 EURO  FINAL", "showImage": "N/a", "type": "sports", "rate": 0, "channelLogo": "https://bein.net/mena/wp-content/uploads/sites/3/2015/06/Global.png", "channel": "Global", "ttl": 1591851600000.0, "description": "-", "startTime": 1591849800000.0, "endTime": 1591851600000.0, "frequency": "-", "duration": 1800000.0}], "channelLogo": "https://bein.net/mena/wp-content/uploads/sites/3/2015/06/Global.png", "channel": "Global", "type2": "sports"}, {"channelNameKey": "Global", "timestampKey": 1591849800000.0, "startTime": 1591849800000.0, "endTime": 1591851600000.0, "type": "sports", "rate": 0, "ttl": 1591851600000.0, "items": [{"channelName": "Global", "timestampKey": 1591849800000.0, "showName": "Denmark  VS  Germany 1992 EURO  FINAL", "showImage": "N/a", "type": "sports", "rate": 0, "channelLogo": "https://bein.net/mena/wp-content/uploads/sites/3/2015/06/Global.png", "channel": "Global", "ttl": 1591851600000.0, "description": "-", "startTime": 1591849800000.0, "endTime": 1591851600000.0, "frequency": "-", "duration": 1800000.0}, {"channelName": "Global", "timestampKey": 1591851600000.0, "showName": "Czech Republic VS Germany 1996 EURO FINAL", "showImage": "N/a", "type": "sports", "rate": 0, "channelLogo": "https://bein.net/mena/wp-content/uploads/sites/3/2015/06/Global.png", "channel": "Global", "ttl": 1591853400000.0, "description": "-", "startTime": 1591851600000.0, "endTime": 1591853400000.0, "frequency": "-", "duration": 1800000.0}], "channelLogo": "https://bein.net/mena/wp-content/uploads/sites/3/2015/06/Global.png", "channel": "Global", "type2": "sports"}, {"channelNameKey": "Global", "timestampKey": 1591851600000.0, "startTime": 1591851600000.0, "endTime": 1591853400000.0, "type": "sports", "rate": 0, "ttl": 1591853400000.0, "items": [{"channelName": "Global", "timestampKey": 1591851600000.0, "showName": "Czech Republic VS Germany 1996 EURO FINAL", "showImage": "N/a", "type": "sports", "rate": 0, "channelLogo": "https://bein.net/mena/wp-content/uploads/sites/3/2015/06/Global.png", "channel": "Global", "ttl": 1591853400000.0, "description": "-", "startTime": 1591851600000.0, "endTime": 1591853400000.0, "frequency": "-", "duration": 1800000.0}, {"channelName": "Global", "timestampKey": 1591853400000.0, "showName": "France VS Italy 2000 EURO FINAL", "showImage": "N/a", "type": "sports", "rate": 0, "channelLogo": "https://bein.net/mena/wp-content/uploads/sites/3/2015/06/Global.png", "channel": "Global", "ttl": 1591855200000.0, "description": "-", "startTime": 1591853400000.0, "endTime": 1591855200000.0, "frequency": "-", "duration": 1800000.0}], "channelLogo": "https://bein.net/mena/wp-content/uploads/sites/3/2015/06/Global.png", "channel": "Global", "type2": "sports"}, {"channelNameKey": "Global", "timestampKey": 1591853400000.0, "startTime": 1591853400000.0, "endTime": 1591855200000.0, "type": "sports", "rate": 0, "ttl": 1591855200000.0, "items": [{"channelName": "Global", "timestampKey": 1591853400000.0, "showName": "France VS Italy 2000 EURO FINAL", "showImage": "N/a", "type": "sports", "rate": 0, "channelLogo": "https://bein.net/mena/wp-content/uploads/sites/3/2015/06/Global.png", "channel": "Global", "ttl": 1591855200000.0, "description": "-", "startTime": 1591853400000.0, "endTime": 1591855200000.0, "frequency": "-", "duration": 1800000.0}, {"channelName": "Global", "timestampKey": 1591855200000.0, "showName": "Greece vs Portugal 2004 EURO FINAL", "showImage": "N/a", "type": "sports", "rate": 0, "channelLogo": "https://bein.net/mena/wp-content/uploads/sites/3/2015/06/Global.png", "channel": "Global", "ttl": 1591857000000.0, "description": "-", "startTime": 1591855200000.0, "endTime": 1591857000000.0, "frequency": "-", "duration": 1800000.0}], "channelLogo": "https://bein.net/mena/wp-content/uploads/sites/3/2015/06/Global.png", "channel": "Global", "type2": "sports"}, {"channelNameKey": "Global", "timestampKey": 1591855200000.0, "startTime": 1591855200000.0, "endTime": 1591857000000.0, "type": "sports", "rate": 0, "ttl": 1591857000000.0, "items": [{"channelName": "Global", "timestampKey": 1591855200000.0, "showName": "Greece vs Portugal 2004 EURO FINAL", "showImage": "N/a", "type": "sports", "rate": 0, "channelLogo": "https://bein.net/mena/wp-content/uploads/sites/3/2015/06/Global.png", "channel": "Global", "ttl": 1591857000000.0, "description": "-", "startTime": 1591855200000.0, "endTime": 1591857000000.0, "frequency": "-", "duration": 1800000.0}, {"channelName": "Global", "timestampKey": 1591857000000.0, "showName": "Spain vs Germany 2008 EURO FINAL", "showImage": "N/a", "type": "sports", "rate": 0, "channelLogo": "https://bein.net/mena/wp-content/uploads/sites/3/2015/06/Global.png", "channel": "Global", "ttl": 1591858800000.0, "description": "-", "startTime": 1591857000000.0, "endTime": 1591858800000.0, "frequency": "-", "duration": 1800000.0}], "channelLogo": "https://bein.net/mena/wp-content/uploads/sites/3/2015/06/Global.png", "channel": "Global", "type2": "sports"}, {"channelNameKey": "Global", "timestampKey": 1591857000000.0, "startTime": 1591857000000.0, "endTime": 1591858800000.0, "type": "sports", "rate": 0, "ttl": 1591858800000.0, "items": [{"channelName": "Global", "timestampKey": 1591857000000.0, "showName": "Spain vs Germany 2008 EURO FINAL", "showImage": "N/a", "type": "sports", "rate": 0, "channelLogo": "https://bein.net/mena/wp-content/uploads/sites/3/2015/06/Global.png", "channel": "Global", "ttl": 1591858800000.0, "description": "-", "startTime": 1591857000000.0, "endTime": 1591858800000.0, "frequency": "-", "duration": 1800000.0}, {"channelName": "Global", "timestampKey": 1591858800000.0, "showName": "Spain vs Italy 2012 EURO FINAL", "showImage": "N/a", "type": "sports", "rate": 0, "channelLogo": "https://bein.net/mena/wp-content/uploads/sites/3/2015/06/Global.png", "channel": "Global", "ttl": 1591860600000.0, "description": "-", "startTime": 1591858800000.0, "endTime": 1591860600000.0, "frequency": "-", "duration": 1800000.0}], "channelLogo": "https://bein.net/mena/wp-content/uploads/sites/3/2015/06/Global.png", "channel": "Global", "type2": "sports"}, {"channelNameKey": "Global", "timestampKey": 1591858800000.0, "startTime": 1591858800000.0, "endTime": 1591860600000.0, "type": "sports", "rate": 0, "ttl": 1591860600000.0, "items": [{"channelName": "Global", "timestampKey": 1591858800000.0, "showName": "Spain vs Italy 2012 EURO FINAL", "showImage": "N/a", "type": "sports", "rate": 0, "channelLogo": "https://bein.net/mena/wp-content/uploads/sites/3/2015/06/Global.png", "channel": "Global", "ttl": 1591860600000.0, "description": "-", "startTime": 1591858800000.0, "endTime": 1591860600000.0, "frequency": "-", "duration": 1800000.0}, {"channelName": "Global", "timestampKey": 1591860600000.0, "showName": "Portugal vs France - EURO 2016 MINI MATCH", "showImage": "N/a", "type": "sports", "rate": 0, "channelLogo": "https://bein.net/mena/wp-content/uploads/sites/3/2015/06/Global.png", "channel": "Global", "ttl": 1591776000000.0, "description": "-", "startTime": 1591860600000.0, "endTime": 1591776000000.0, "frequency": "-", "duration": -84600000.0}], "channelLogo": "https://bein.net/mena/wp-content/uploads/sites/3/2015/06/Global.png", "channel": "Global", "type2": "sports"}, {"channelNameKey": "Global", "timestampKey": 1591860600000.0, "startTime": 1591860600000.0, "endTime": 1591776000000.0, "type": "sports", "rate": 0, "ttl": 1591776000000.0, "items": [{"channelName": "Global", "timestampKey": 1591860600000.0, "showName": "Portugal vs France - EURO 2016 MINI MATCH", "showImage": "N/a", "type": "sports", "rate": 0, "channelLogo": "https://bein.net/mena/wp-content/uploads/sites/3/2015/06/Global.png", "channel": "Global", "ttl": 1591776000000.0, "description": "-", "startTime": 1591860600000.0, "endTime": 1591776000000.0, "frequency": "-", "duration": -84600000.0}], "channelLogo": "https://bein.net/mena/wp-content/uploads/sites/3/2015/06/Global.png", "channel": "Global", "type2": "sports"}, {"channelNameKey": "News_ar", "timestampKey": 1591840800000.0, "startTime": 1591840800000.0, "endTime": 1591844040000.0, "type": "sports", "rate": 0, "ttl": 1591844040000.0, "items": [{"channelName": "News_ar", "timestampKey": 1591840800000.0, "showName": "Sports News (Hasad) - 2020", "showImage": "N/a", "type": "sports", "rate": 0, "channelLogo": "https://bein.net/mena/wp-content/uploads/sites/3/2015/06/News_ar.png", "channel": "News_ar", "ttl": 1591844040000.0, "description": "-", "startTime": 1591840800000.0, "endTime": 1591844040000.0, "frequency": "-", "duration": 3240000.0}, {"channelName": "News_ar", "timestampKey": 1591844040000.0, "showName": "Magazine Report  - 11/06/20", "showImage": "N/a", "type": "sports", "rate": 0, "channelLogo": "https://bein.net/mena/wp-content/uploads/sites/3/2015/06/News_ar.png", "channel": "News_ar", "ttl": 1591844400000.0, "description": "-", "startTime": 1591844040000.0, "endTime": 1591844400000.0, "frequency": "-", "duration": 360000.0}], "channelLogo": "https://bein.net/mena/wp-content/uploads/sites/3/2015/06/News_ar.png", "channel": "News_ar", "type2": "sports"}, {"channelNameKey": "News_ar", "timestampKey": 1591844040000.0, "startTime": 1591844040000.0, "endTime": 1591844400000.0, "type": "sports", "rate": 0, "ttl": 1591844400000.0, "items": [{"channelName": "News_ar", "timestampKey": 1591844040000.0, "showName": "Magazine Report  - 11/06/20", "showImage": "N/a", "type": "sports", "rate": 0, "channelLogo": "https://bein.net/mena/wp-content/uploads/sites/3/2015/06/News_ar.png", "channel": "News_ar", "ttl": 1591844400000.0, "description": "-", "startTime": 1591844040000.0, "endTime": 1591844400000.0, "frequency": "-", "duration": 360000.0}, {"channelName": "News_ar", "timestampKey": 1591844400000.0, "showName": "Briefs @02:00 2020", "showImage": "N/a", "type": "sports", "rate": 0, "channelLogo": "https://bein.net/mena/wp-content/uploads/sites/3/2015/06/News_ar.png", "channel": "News_ar", "ttl": 1591845180000.0, "description": "-", "startTime": 1591844400000.0, "endTime": 1591845180000.0, "frequency": "-", "duration": 780000.0}], "channelLogo": "https://bein.net/mena/wp-content/uploads/sites/3/2015/06/News_ar.png", "channel": "News_ar", "type2": "sports"}, {"channelNameKey": "News_ar", "timestampKey": 1591844400000.0, "startTime": 1591844400000.0, "endTime": 1591845180000.0, "type": "sports", "rate": 0, "ttl": 1591845180000.0, "items": [{"channelName": "News_ar", "timestampKey": 1591844400000.0, "showName": "Briefs @02:00 2020", "showImage": "N/a", "type": "sports", "rate": 0, "channelLogo": "https://bein.net/mena/wp-content/uploads/sites/3/2015/06/News_ar.png", "channel": "News_ar", "ttl": 1591845180000.0, "description": "-", "startTime": 1591844400000.0, "endTime": 1591845180000.0, "frequency": "-", "duration": 780000.0}, {"channelName": "News_ar", "timestampKey": 1591845180000.0, "showName": "News Stars - 11 June 2020", "showImage": "N/a", "type": "sports", "rate": 0, "channelLogo": "https://bein.net/mena/wp-content/uploads/sites/3/2015/06/News_ar.png", "channel": "News_ar", "ttl": 1591845300000.0, "description": "-", "startTime": 1591845180000.0, "endTime": 1591845300000.0, "frequency": "-", "duration": 120000.0}], "channelLogo": "https://bein.net/mena/wp-content/uploads/sites/3/2015/06/News_ar.png", "channel": "News_ar", "type2": "sports"}, {"channelNameKey": "News_ar", "timestampKey": 1591845180000.0, "startTime": 1591845180000.0, "endTime": 1591845300000.0, "type": "sports", "rate": 0, "ttl": 1591845300000.0, "items": [{"channelName": "News_ar", "timestampKey": 1591845180000.0, "showName": "News Stars - 11 June 2020", "showImage": "N/a", "type": "sports", "rate": 0, "channelLogo": "https://bein.net/mena/wp-content/uploads/sites/3/2015/06/News_ar.png", "channel": "News_ar", "ttl": 1591845300000.0, "description": "-", "startTime": 1591845180000.0, "endTime": 1591845300000.0, "frequency": "-", "duration": 120000.0}, {"channelName": "News_ar", "timestampKey": 1591845300000.0, "showName": "Special Report - 11/06/20", "showImage": "N/a", "type": "sports", "rate": 0, "channelLogo": "https://bein.net/mena/wp-content/uploads/sites/3/2015/06/News_ar.png", "channel": "News_ar", "ttl": 1591846200000.0, "description": "-", "startTime": 1591845300000.0, "endTime": 1591846200000.0, "frequency": "-", "duration": 900000.0}], "channelLogo": "https://bein.net/mena/wp-content/uploads/sites/3/2015/06/News_ar.png", "channel": "News_ar", "type2": "sports"}, {"channelNameKey": "News_ar", "timestampKey": 1591845300000.0, "startTime": 1591845300000.0, "endTime": 1591846200000.0, "type": "sports", "rate": 0, "ttl": 1591846200000.0, "items": [{"channelName": "News_ar", "timestampKey": 1591845300000.0, "showName": "Special Report - 11/06/20", "showImage": "N/a", "type": "sports", "rate": 0, "channelLogo": "https://bein.net/mena/wp-content/uploads/sites/3/2015/06/News_ar.png", "channel": "News_ar", "ttl": 1591846200000.0, "description": "-", "startTime": 1591845300000.0, "endTime": 1591846200000.0, "frequency": "-", "duration": 900000.0}, {"channelName": "News_ar", "timestampKey": 1591846200000.0, "showName": "ALBUM - NEWS 2020", "showImage": "N/a", "type": "sports", "rate": 0, "channelLogo": "https://bein.net/mena/wp-content/uploads/sites/3/2015/06/News_ar.png", "channel": "News_ar", "ttl": 1591848000000.0, "description": "-", "startTime": 1591846200000.0, "endTime": 1591848000000.0, "frequency": "-", "duration": 1800000.0}], "channelLogo": "https://bein.net/mena/wp-content/uploads/sites/3/2015/06/News_ar.png", "channel": "News_ar", "type2": "sports"}, {"channelNameKey": "News_ar", "timestampKey": 1591846200000.0, "startTime": 1591846200000.0, "endTime": 1591848000000.0, "type": "sports", "rate": 0, "ttl": 1591848000000.0, "items": [{"channelName": "News_ar", "timestampKey": 1591846200000.0, "showName": "ALBUM - NEWS 2020", "showImage": "N/a", "type": "sports", "rate": 0, "channelLogo": "https://bein.net/mena/wp-content/uploads/sites/3/2015/06/News_ar.png", "channel": "News_ar", "ttl": 1591848000000.0, "description": "-", "startTime": 1591846200000.0, "endTime": 1591848000000.0, "frequency": "-", "duration": 1800000.0}, {"channelName": "News_ar", "timestampKey": 1591848000000.0, "showName": "Sports News (Hasad) - 2020", "showImage": "N/a", "type": "sports", "rate": 0, "channelLogo": "https://bein.net/mena/wp-content/uploads/sites/3/2015/06/News_ar.png", "channel": "News_ar", "ttl": 1591851600000.0, "description": "-", "startTime": 1591848000000.0, "endTime": 1591851600000.0, "frequency": "-", "duration": 3600000.0}], "channelLogo": "https://bein.net/mena/wp-content/uploads/sites/3/2015/06/News_ar.png", "channel": "News_ar", "type2": "sports"}, {"channelNameKey": "News_ar", "timestampKey": 1591848000000.0, "startTime": 1591848000000.0, "endTime": 1591851600000.0, "type": "sports", "rate": 0, "ttl": 1591851600000.0, "items": [{"channelName": "News_ar", "timestampKey": 1591848000000.0, "showName": "Sports News (Hasad) - 2020", "showImage": "N/a", "type": "sports", "rate": 0, "channelLogo": "https://bein.net/mena/wp-content/uploads/sites/3/2015/06/News_ar.png", "channel": "News_ar", "ttl": 1591851600000.0, "description": "-", "startTime": 1591848000000.0, "endTime": 1591851600000.0, "frequency": "-", "duration": 3600000.0}, {"channelName": "News_ar", "timestampKey": 1591851600000.0, "showName": "Briefs @02:00 2020", "showImage": "N/a", "type": "sports", "rate": 0, "channelLogo": "https://bein.net/mena/wp-content/uploads/sites/3/2015/06/News_ar.png", "channel": "News_ar", "ttl": 1591852440000.0, "description": "-", "startTime": 1591851600000.0, "endTime": 1591852440000.0, "frequency": "-", "duration": 840000.0}], "channelLogo": "https://bein.net/mena/wp-content/uploads/sites/3/2015/06/News_ar.png", "channel": "News_ar", "type2": "sports"}, {"channelNameKey": "News_ar", "timestampKey": 1591851600000.0, "startTime": 1591851600000.0, "endTime": 1591852440000.0, "type": "sports", "rate": 0, "ttl": 1591852440000.0, "items": [{"channelName": "News_ar", "timestampKey": 1591851600000.0, "showName": "Briefs @02:00 2020", "showImage": "N/a", "type": "sports", "rate": 0, "channelLogo": "https://bein.net/mena/wp-content/uploads/sites/3/2015/06/News_ar.png", "channel": "News_ar", "ttl": 1591852440000.0, "description": "-", "startTime": 1591851600000.0, "endTime": 1591852440000.0, "frequency": "-", "duration": 840000.0}, {"channelName": "News_ar", "timestampKey": 1591852440000.0, "showName": "News Stars - 11 June 2020", "showImage": "N/a", "type": "sports", "rate": 0, "channelLogo": "https://bein.net/mena/wp-content/uploads/sites/3/2015/06/News_ar.png", "channel": "News_ar", "ttl": 1591852620000.0, "description": "-", "startTime": 1591852440000.0, "endTime": 1591852620000.0, "frequency": "-", "duration": 180000.0}], "channelLogo": "https://bein.net/mena/wp-content/uploads/sites/3/2015/06/News_ar.png", "channel": "News_ar", "type2": "sports"}, {"channelNameKey": "News_ar", "timestampKey": 1591852440000.0, "startTime": 1591852440000.0, "endTime": 1591852620000.0, "type": "sports", "rate": 0, "ttl": 1591852620000.0, "items": [{"channelName": "News_ar", "timestampKey": 1591852440000.0, "showName": "News Stars - 11 June 2020", "showImage": "N/a", "type": "sports", "rate": 0, "channelLogo": "https://bein.net/mena/wp-content/uploads/sites/3/2015/06/News_ar.png", "channel": "News_ar", "ttl": 1591852620000.0, "description": "-", "startTime": 1591852440000.0, "endTime": 1591852620000.0, "frequency": "-", "duration": 180000.0}, {"channelName": "News_ar", "timestampKey": 1591852620000.0, "showName": "Special Report - 11/06/20", "showImage": "N/a", "type": "sports", "rate": 0, "channelLogo": "https://bein.net/mena/wp-content/uploads/sites/3/2015/06/News_ar.png", "channel": "News_ar", "ttl": 1591853400000.0, "description": "-", "startTime": 1591852620000.0, "endTime": 1591853400000.0, "frequency": "-", "duration": 780000.0}], "channelLogo": "https://bein.net/mena/wp-content/uploads/sites/3/2015/06/News_ar.png", "channel": "News_ar", "type2": "sports"}, {"channelNameKey": "News_ar", "timestampKey": 1591852620000.0, "startTime": 1591852620000.0, "endTime": 1591853400000.0, "type": "sports", "rate": 0, "ttl": 1591853400000.0, "items": [{"channelName": "News_ar", "timestampKey": 1591852620000.0, "showName": "Special Report - 11/06/20", "showImage": "N/a", "type": "sports", "rate": 0, "channelLogo": "https://bein.net/mena/wp-content/uploads/sites/3/2015/06/News_ar.png", "channel": "News_ar", "ttl": 1591853400000.0, "description": "-", "startTime": 1591852620000.0, "endTime": 1591853400000.0, "frequency": "-", "duration": 780000.0}, {"channelName": "News_ar", "timestampKey": 1591853400000.0, "showName": "ALBUM - NEWS 2020", "showImage": "N/a", "type": "sports", "rate": 0, "channelLogo": "https://bein.net/mena/wp-content/uploads/sites/3/2015/06/News_ar.png", "channel": "News_ar", "ttl": 1591854840000.0, "description": "-", "startTime": 1591853400000.0, "endTime": 1591854840000.0, "frequency": "-", "duration": 1440000.0}], "channelLogo": "https://bein.net/mena/wp-content/uploads/sites/3/2015/06/News_ar.png", "channel": "News_ar", "type2": "sports"}, {"channelNameKey": "News_ar", "timestampKey": 1591853400000.0, "startTime": 1591853400000.0, "endTime": 1591854840000.0, "type": "sports", "rate": 0, "ttl": 1591854840000.0, "items": [{"channelName": "News_ar", "timestampKey": 1591853400000.0, "showName": "ALBUM - NEWS 2020", "showImage": "N/a", "type": "sports", "rate": 0, "channelLogo": "https://bein.net/mena/wp-content/uploads/sites/3/2015/06/News_ar.png", "channel": "News_ar", "ttl": 1591854840000.0, "description": "-", "startTime": 1591853400000.0, "endTime": 1591854840000.0, "frequency": "-", "duration": 1440000.0}, {"channelName": "News_ar", "timestampKey": 1591854840000.0, "showName": "Magazine Report  - 11/06/20", "showImage": "N/a", "type": "sports", "rate": 0, "channelLogo": "https://bein.net/mena/wp-content/uploads/sites/3/2015/06/News_ar.png", "channel": "News_ar", "ttl": 1591855200000.0, "description": "-", "startTime": 1591854840000.0, "endTime": 1591855200000.0, "frequency": "-", "duration": 360000.0}], "channelLogo": "https://bein.net/mena/wp-content/uploads/sites/3/2015/06/News_ar.png", "channel": "News_ar", "type2": "sports"}, {"channelNameKey": "News_ar", "timestampKey": 1591854840000.0, "startTime": 1591854840000.0, "endTime": 1591855200000.0, "type": "sports", "rate": 0, "ttl": 1591855200000.0, "items": [{"channelName": "News_ar", "timestampKey": 1591854840000.0, "showName": "Magazine Report  - 11/06/20", "showImage": "N/a", "type": "sports", "rate": 0, "channelLogo": "https://bein.net/mena/wp-content/uploads/sites/3/2015/06/News_ar.png", "channel": "News_ar", "ttl": 1591855200000.0, "description": "-", "startTime": 1591854840000.0, "endTime": 1591855200000.0, "frequency": "-", "duration": 360000.0}, {"channelName": "News_ar", "timestampKey": 1591855200000.0, "showName": "Sports News (Hasad) - 2020", "showImage": "N/a", "type": "sports", "rate": 0, "channelLogo": "https://bein.net/mena/wp-content/uploads/sites/3/2015/06/News_ar.png", "channel": "News_ar", "ttl": 1591858800000.0, "description": "-", "startTime": 1591855200000.0, "endTime": 1591858800000.0, "frequency": "-", "duration": 3600000.0}], "channelLogo": "https://bein.net/mena/wp-content/uploads/sites/3/2015/06/News_ar.png", "channel": "News_ar", "type2": "sports"}, {"channelNameKey": "News_ar", "timestampKey": 1591855200000.0, "startTime": 1591855200000.0, "endTime": 1591858800000.0, "type": "sports", "rate": 0, "ttl": 1591858800000.0, "items": [{"channelName": "News_ar", "timestampKey": 1591855200000.0, "showName": "Sports News (Hasad) - 2020", "showImage": "N/a", "type": "sports", "rate": 0, "channelLogo": "https://bein.net/mena/wp-content/uploads/sites/3/2015/06/News_ar.png", "channel": "News_ar", "ttl": 1591858800000.0, "description": "-", "startTime": 1591855200000.0, "endTime": 1591858800000.0, "frequency": "-", "duration": 3600000.0}, {"channelName": "News_ar", "timestampKey": 1591858800000.0, "showName": "Briefs @02:00 2020", "showImage": "N/a", "type": "sports", "rate": 0, "channelLogo": "https://bein.net/mena/wp-content/uploads/sites/3/2015/06/News_ar.png", "channel": "News_ar", "ttl": 1591859640000.0, "description": "-", "startTime": 1591858800000.0, "endTime": 1591859640000.0, "frequency": "-", "duration": 840000.0}], "channelLogo": "https://bein.net/mena/wp-content/uploads/sites/3/2015/06/News_ar.png", "channel": "News_ar", "type2": "sports"}, {"channelNameKey": "News_ar", "timestampKey": 1591858800000.0, "startTime": 1591858800000.0, "endTime": 1591859640000.0, "type": "sports", "rate": 0, "ttl": 1591859640000.0, "items": [{"channelName": "News_ar", "timestampKey": 1591858800000.0, "showName": "Briefs @02:00 2020", "showImage": "N/a", "type": "sports", "rate": 0, "channelLogo": "https://bein.net/mena/wp-content/uploads/sites/3/2015/06/News_ar.png", "channel": "News_ar", "ttl": 1591859640000.0, "description": "-", "startTime": 1591858800000.0, "endTime": 1591859640000.0, "frequency": "-", "duration": 840000.0}, {"channelName": "News_ar", "timestampKey": 1591859640000.0, "showName": "News Stars - 11 June 2020", "showImage": "N/a", "type": "sports", "rate": 0, "channelLogo": "https://bein.net/mena/wp-content/uploads/sites/3/2015/06/News_ar.png", "channel": "News_ar", "ttl": 1591860000000.0, "description": "-", "startTime": 1591859640000.0, "endTime": 1591860000000.0, "frequency": "-", "duration": 360000.0}], "channelLogo": "https://bein.net/mena/wp-content/uploads/sites/3/2015/06/News_ar.png", "channel": "News_ar", "type2": "sports"}, {"channelNameKey": "News_ar", "timestampKey": 1591859640000.0, "startTime": 1591859640000.0, "endTime": 1591860000000.0, "type": "sports", "rate": 0, "ttl": 1591860000000.0, "items": [{"channelName": "News_ar", "timestampKey": 1591859640000.0, "showName": "News Stars - 11 June 2020", "showImage": "N/a", "type": "sports", "rate": 0, "channelLogo": "https://bein.net/mena/wp-content/uploads/sites/3/2015/06/News_ar.png", "channel": "News_ar", "ttl": 1591860000000.0, "description": "-", "startTime": 1591859640000.0, "endTime": 1591860000000.0, "frequency": "-", "duration": 360000.0}, {"channelName": "News_ar", "timestampKey": 1591860000000.0, "showName": "Special Report - 11/06/20", "showImage": "N/a", "type": "sports", "rate": 0, "channelLogo": "https://bein.net/mena/wp-content/uploads/sites/3/2015/06/News_ar.png", "channel": "News_ar", "ttl": 1591860900000.0, "description": "-", "startTime": 1591860000000.0, "endTime": 1591860900000.0, "frequency": "-", "duration": 900000.0}], "channelLogo": "https://bein.net/mena/wp-content/uploads/sites/3/2015/06/News_ar.png", "channel": "News_ar", "type2": "sports"}, {"channelNameKey": "News_ar", "timestampKey": 1591860000000.0, "startTime": 1591860000000.0, "endTime": 1591860900000.0, "type": "sports", "rate": 0, "ttl": 1591860900000.0, "items": [{"channelName": "News_ar", "timestampKey": 1591860000000.0, "showName": "Special Report - 11/06/20", "showImage": "N/a", "type": "sports", "rate": 0, "channelLogo": "https://bein.net/mena/wp-content/uploads/sites/3/2015/06/News_ar.png", "channel": "News_ar", "ttl": 1591860900000.0, "description": "-", "startTime": 1591860000000.0, "endTime": 1591860900000.0, "frequency": "-", "duration": 900000.0}, {"channelName": "News_ar", "timestampKey": 1591860900000.0, "showName": "Magazine Report  - 11/06/20", "showImage": "N/a", "type": "sports", "rate": 0, "channelLogo": "https://bein.net/mena/wp-content/uploads/sites/3/2015/06/News_ar.png", "channel": "News_ar", "ttl": 1591861500000.0, "description": "-", "startTime": 1591860900000.0, "endTime": 1591861500000.0, "frequency": "-", "duration": 600000.0}], "channelLogo": "https://bein.net/mena/wp-content/uploads/sites/3/2015/06/News_ar.png", "channel": "News_ar", "type2": "sports"}, {"channelNameKey": "News_ar", "timestampKey": 1591860900000.0, "startTime": 1591860900000.0, "endTime": 1591861500000.0, "type": "sports", "rate": 0, "ttl": 1591861500000.0, "items": [{"channelName": "News_ar", "timestampKey": 1591860900000.0, "showName": "Magazine Report  - 11/06/20", "showImage": "N/a", "type": "sports", "rate": 0, "channelLogo": "https://bein.net/mena/wp-content/uploads/sites/3/2015/06/News_ar.png", "channel": "News_ar", "ttl": 1591861500000.0, "description": "-", "startTime": 1591860900000.0, "endTime": 1591861500000.0, "frequency": "-", "duration": 600000.0}, {"channelName": "News_ar", "timestampKey": 1591861500000.0, "showName": "Interview Report - 11/06/20", "showImage": "N/a", "type": "sports", "rate": 0, "channelLogo": "https://bein.net/mena/wp-content/uploads/sites/3/2015/06/News_ar.png", "channel": "News_ar", "ttl": 1591776000000.0, "description": "-", "startTime": 1591861500000.0, "endTime": 1591776000000.0, "frequency": "-", "duration": -85500000.0}], "channelLogo": "https://bein.net/mena/wp-content/uploads/sites/3/2015/06/News_ar.png", "channel": "News_ar", "type2": "sports"}, {"channelNameKey": "News_ar", "timestampKey": 1591861500000.0, "startTime": 1591861500000.0, "endTime": 1591776000000.0, "type": "sports", "rate": 0, "ttl": 1591776000000.0, "items": [{"channelName": "News_ar", "timestampKey": 1591861500000.0, "showName": "Interview Report - 11/06/20", "showImage": "N/a", "type": "sports", "rate": 0, "channelLogo": "https://bein.net/mena/wp-content/uploads/sites/3/2015/06/News_ar.png", "channel": "News_ar", "ttl": 1591776000000.0, "description": "-", "startTime": 1591861500000.0, "endTime": 1591776000000.0, "frequency": "-", "duration": -85500000.0}], "channelLogo": "https://bein.net/mena/wp-content/uploads/sites/3/2015/06/News_ar.png", "channel": "News_ar", "type2": "sports"}, {"channelNameKey": "MoviesHD1", "timestampKey": 1591840800000.0, "startTime": 1591840800000.0, "endTime": 1591847100000.0, "type": "\u0623\u0641\u0644\u0627\u0645", "rate": 0, "ttl": 1591847100000.0, "items": [{"channelName": "MoviesHD1", "timestampKey": 1591840800000.0, "showName": "\u0630\u0627 \u0646\u0627\u0646", "showImage": "N/a", "type": "\u0623\u0641\u0644\u0627\u0645", "rate": 0, "channelLogo": "https://bein.net/mena/wp-content/uploads/sites/3/2015/06/MoviesHD1.png", "channel": "MoviesHD1", "ttl": 1591847100000.0, "description": "-", "startTime": 1591840800000.0, "endTime": 1591847100000.0, "frequency": "-", "duration": 6300000.0}, {"channelName": "MoviesHD1", "timestampKey": 1591847100000.0, "showName": "\u0648\u0627\u064a\u0644\u062f\u064a\u0646\u062c", "showImage": "N/a", "type": "\u0623\u0641\u0644\u0627\u0645", "rate": 0, "channelLogo": "https://bein.net/mena/wp-content/uploads/sites/3/2015/06/MoviesHD1.png", "channel": "MoviesHD1", "ttl": 1591853400000.0, "description": "-", "startTime": 1591847100000.0, "endTime": 1591853400000.0, "frequency": "-", "duration": 6300000.0}], "channelLogo": "https://bein.net/mena/wp-content/uploads/sites/3/2015/06/MoviesHD1.png", "channel": "MoviesHD1", "type2": "\u0623\u0641\u0644\u0627\u0645"}, {"channelNameKey": "MoviesHD1", "timestampKey": 1591847100000.0, "startTime": 1591847100000.0, "endTime": 1591853400000.0, "type": "\u0623\u0641\u0644\u0627\u0645", "rate": 0, "ttl": 1591853400000.0, "items": [{"channelName": "MoviesHD1", "timestampKey": 1591847100000.0, "showName": "\u0648\u0627\u064a\u0644\u062f\u064a\u0646\u062c", "showImage": "N/a", "type": "\u0623\u0641\u0644\u0627\u0645", "rate": 0, "channelLogo": "https://bein.net/mena/wp-content/uploads/sites/3/2015/06/MoviesHD1.png", "channel": "MoviesHD1", "ttl": 1591853400000.0, "description": "-", "startTime": 1591847100000.0, "endTime": 1591853400000.0, "frequency": "-", "duration": 6300000.0}, {"channelName": "MoviesHD1", "timestampKey": 1591853400000.0, "showName": "\u0628\u0648\u064a\u0646\u062a \u0645\u0627\u0646", "showImage": "N/a", "type": "\u0623\u0641\u0644\u0627\u0645", "rate": 0, "channelLogo": "https://bein.net/mena/wp-content/uploads/sites/3/2015/06/MoviesHD1.png", "channel": "MoviesHD1", "ttl": 1591860600000.0, "description": "-", "startTime": 1591853400000.0, "endTime": 1591860600000.0, "frequency": "-", "duration": 7200000.0}], "channelLogo": "https://bein.net/mena/wp-content/uploads/sites/3/2015/06/MoviesHD1.png", "channel": "MoviesHD1", "type2": "\u0623\u0641\u0644\u0627\u0645"}, {"channelNameKey": "MoviesHD1", "timestampKey": 1591853400000.0, "startTime": 1591853400000.0, "endTime": 1591860600000.0, "type": "\u0623\u0641\u0644\u0627\u0645", "rate": 0, "ttl": 1591860600000.0, "items": [{"channelName": "MoviesHD1", "timestampKey": 1591853400000.0, "showName": "\u0628\u0648\u064a\u0646\u062a \u0645\u0627\u0646", "showImage": "N/a", "type": "\u0623\u0641\u0644\u0627\u0645", "rate": 0, "channelLogo": "https://bein.net/mena/wp-content/uploads/sites/3/2015/06/MoviesHD1.png", "channel": "MoviesHD1", "ttl": 1591860600000.0, "description": "-", "startTime": 1591853400000.0, "endTime": 1591860600000.0, "frequency": "-", "duration": 7200000.0}, {"channelName": "MoviesHD1", "timestampKey": 1591860600000.0, "showName": "\u0633\u0627\u0648\u062b \u062a\u064a\u0631\u0645\u064a\u0646\u0627\u0644", "showImage": "N/a", "type": "\u0623\u0641\u0644\u0627\u0645", "rate": 0, "channelLogo": "https://bein.net/mena/wp-content/uploads/sites/3/2015/06/MoviesHD1.png", "channel": "MoviesHD1", "ttl": 1591780500000.0, "description": "-", "startTime": 1591860600000.0, "endTime": 1591780500000.0, "frequency": "-", "duration": -80100000.0}], "channelLogo": "https://bein.net/mena/wp-content/uploads/sites/3/2015/06/MoviesHD1.png", "channel": "MoviesHD1", "type2": "\u0623\u0641\u0644\u0627\u0645"}, {"channelNameKey": "MoviesHD1", "timestampKey": 1591860600000.0, "startTime": 1591860600000.0, "endTime": 1591780500000.0, "type": "\u0623\u0641\u0644\u0627\u0645", "rate": 0, "ttl": 1591780500000.0, "items": [{"channelName": "MoviesHD1", "timestampKey": 1591860600000.0, "showName": "\u0633\u0627\u0648\u062b \u062a\u064a\u0631\u0645\u064a\u0646\u0627\u0644", "showImage": "N/a", "type": "\u0623\u0641\u0644\u0627\u0645", "rate": 0, "channelLogo": "https://bein.net/mena/wp-content/uploads/sites/3/2015/06/MoviesHD1.png", "channel": "MoviesHD1", "ttl": 1591780500000.0, "description": "-", "startTime": 1591860600000.0, "endTime": 1591780500000.0, "frequency": "-", "duration": -80100000.0}], "channelLogo": "https://bein.net/mena/wp-content/uploads/sites/3/2015/06/MoviesHD1.png", "channel": "MoviesHD1", "type2": "\u0623\u0641\u0644\u0627\u0645"}, {"channelNameKey": "MoviesHD2", "timestampKey": 1591837200000.0, "startTime": 1591837200000.0, "endTime": 1591845000000.0, "type": "\u0623\u0641\u0644\u0627\u0645", "rate": 0, "ttl": 1591845000000.0, "items": [{"channelName": "MoviesHD2", "timestampKey": 1591837200000.0, "showName": "\u0623\u0645\u0631\u064a\u0643\u0627\u0646 \u0633\u0646\u064a\u0628\u0631", "showImage": "N/a", "type": "\u0623\u0641\u0644\u0627\u0645", "rate": 0, "channelLogo": "https://bein.net/mena/wp-content/uploads/sites/3/2015/06/MoviesHD2.png", "channel": "MoviesHD2", "ttl": 1591845000000.0, "description": "-", "startTime": 1591837200000.0, "endTime": 1591845000000.0, "frequency": "-", "duration": 7800000.0}, {"channelName": "MoviesHD2", "timestampKey": 1591845000000.0, "showName": "\u0647\u0627\u0646\u064a\u0628\u0627\u0644 \u0631\u0627\u064a\u0632\u064a\u0646\u062c", "showImage": "N/a", "type": "\u0623\u0641\u0644\u0627\u0645", "rate": 0, "channelLogo": "https://bein.net/mena/wp-content/uploads/sites/3/2015/06/MoviesHD2.png", "channel": "MoviesHD2", "ttl": 1591852200000.0, "description": "-", "startTime": 1591845000000.0, "endTime": 1591852200000.0, "frequency": "-", "duration": 7200000.0}], "channelLogo": "https://bein.net/mena/wp-content/uploads/sites/3/2015/06/MoviesHD2.png", "channel": "MoviesHD2", "type2": "\u0623\u0641\u0644\u0627\u0645"}, {"channelNameKey": "MoviesHD2", "timestampKey": 1591845000000.0, "startTime": 1591845000000.0, "endTime": 1591852200000.0, "type": "\u0623\u0641\u0644\u0627\u0645", "rate": 0, "ttl": 1591852200000.0, "items": [{"channelName": "MoviesHD2", "timestampKey": 1591845000000.0, "showName": "\u0647\u0627\u0646\u064a\u0628\u0627\u0644 \u0631\u0627\u064a\u0632\u064a\u0646\u062c", "showImage": "N/a", "type": "\u0623\u0641\u0644\u0627\u0645", "rate": 0, "channelLogo": "https://bein.net/mena/wp-content/uploads/sites/3/2015/06/MoviesHD2.png", "channel": "MoviesHD2", "ttl": 1591852200000.0, "description": "-", "startTime": 1591845000000.0, "endTime": 1591852200000.0, "frequency": "-", "duration": 7200000.0}, {"channelName": "MoviesHD2", "timestampKey": 1591852200000.0, "showName": "\u062b\u0631\u064a \u0643\u064a\u0646\u062c\u0632", "showImage": "N/a", "type": "\u0623\u0641\u0644\u0627\u0645", "rate": 0, "channelLogo": "https://bein.net/mena/wp-content/uploads/sites/3/2015/06/MoviesHD2.png", "channel": "MoviesHD2", "ttl": 1591858800000.0, "description": "-", "startTime": 1591852200000.0, "endTime": 1591858800000.0, "frequency": "-", "duration": 6600000.0}], "channelLogo": "https://bein.net/mena/wp-content/uploads/sites/3/2015/06/MoviesHD2.png", "channel": "MoviesHD2", "type2": "\u0623\u0641\u0644\u0627\u0645"}, {"channelNameKey": "MoviesHD2", "timestampKey": 1591852200000.0, "startTime": 1591852200000.0, "endTime": 1591858800000.0, "type": "\u0623\u0641\u0644\u0627\u0645", "rate": 0, "ttl": 1591858800000.0, "items": [{"channelName": "MoviesHD2", "timestampKey": 1591852200000.0, "showName": "\u062b\u0631\u064a \u0643\u064a\u0646\u062c\u0632", "showImage": "N/a", "type": "\u0623\u0641\u0644\u0627\u0645", "rate": 0, "channelLogo": "https://bein.net/mena/wp-content/uploads/sites/3/2015/06/MoviesHD2.png", "channel": "MoviesHD2", "ttl": 1591858800000.0, "description": "-", "startTime": 1591852200000.0, "endTime": 1591858800000.0, "frequency": "-", "duration": 6600000.0}, {"channelName": "MoviesHD2", "timestampKey": 1591858800000.0, "showName": "\u0643\u064a\u0644\u0631 \u0622\u064a\u0644\u0627\u0646\u062f", "showImage": "N/a", "type": "\u0623\u0641\u0644\u0627\u0645", "rate": 0, "channelLogo": "https://bein.net/mena/wp-content/uploads/sites/3/2015/06/MoviesHD2.png", "channel": "MoviesHD2", "ttl": 1591777800000.0, "description": "-", "startTime": 1591858800000.0, "endTime": 1591777800000.0, "frequency": "-", "duration": -81000000.0}], "channelLogo": "https://bein.net/mena/wp-content/uploads/sites/3/2015/06/MoviesHD2.png", "channel": "MoviesHD2", "type2": "\u0623\u0641\u0644\u0627\u0645"}, {"channelNameKey": "MoviesHD2", "timestampKey": 1591858800000.0, "startTime": 1591858800000.0, "endTime": 1591777800000.0, "type": "\u0623\u0641\u0644\u0627\u0645", "rate": 0, "ttl": 1591777800000.0, "items": [{"channelName": "MoviesHD2", "timestampKey": 1591858800000.0, "showName": "\u0643\u064a\u0644\u0631 \u0622\u064a\u0644\u0627\u0646\u062f", "showImage": "N/a", "type": "\u0623\u0641\u0644\u0627\u0645", "rate": 0, "channelLogo": "https://bein.net/mena/wp-content/uploads/sites/3/2015/06/MoviesHD2.png", "channel": "MoviesHD2", "ttl": 1591777800000.0, "description": "-", "startTime": 1591858800000.0, "endTime": 1591777800000.0, "frequency": "-", "duration": -81000000.0}], "channelLogo": "https://bein.net/mena/wp-content/uploads/sites/3/2015/06/MoviesHD2.png", "channel": "MoviesHD2", "type2": "\u0623\u0641\u0644\u0627\u0645"}]